zone,grouping,group,n,coverage80,below_p10,above_p90,width80,interval_score80,wis80_single_interval
BE,all,all,8760,0.7446347031963471,0.12134703196347033,0.13401826484018264,30.683943005130715,58.45081191016477,7.618646720453238
BE,split,test,2160,0.75,0.11666666666666667,0.13333333333333333,42.086618170914825,87.62835047900099,11.211103703801955
BE,split,train,4321,0.722286507752835,0.1372367507521407,0.1404767414950243,23.372793592697104,41.70712076414211,5.62590589083073
BE,split,validation,2279,0.7819218955682317,0.09565598946906538,0.12242211496270294,33.73865921971253,62.54296027930812,7.992023658042371
BE,hour,0,365,0.6301369863013698,0.15616438356164383,0.2136986301369863,14.441191926721023,37.90786112027711,4.861495052777643
BE,hour,1,365,0.673972602739726,0.136986301369863,0.18904109589041096,15.687166794032267,34.28268972642376,4.495694599140496
BE,hour,2,365,0.684931506849315,0.1232876712328767,0.1917808219178082,16.696590831181773,35.95452799254291,4.736674316194287
BE,hour,3,365,0.6794520547945205,0.14246575342465753,0.1780821917808219,17.64858561476616,38.716415375894066,5.108375514355494
BE,hour,4,365,0.684931506849315,0.136986301369863,0.1780821917808219,18.802782805978435,39.82646609963899,5.254444310103134
BE,hour,5,365,0.7178082191780822,0.14520547945205478,0.136986301369863,20.390238555490154,39.01143663972201,5.19130443835119
BE,hour,6,365,0.7150684931506849,0.16164383561643836,0.1232876712328767,23.66264347442209,45.315973236358325,6.031901560478762
BE,hour,7,365,0.7150684931506849,0.14794520547945206,0.136986301369863,29.931052733120854,54.91801709138104,7.310502725032205
BE,hour,8,365,0.7671232876712328,0.12602739726027398,0.10684931506849316,34.54790969221559,53.3282295276041,7.274908510066733
BE,hour,9,365,0.7835616438356164,0.10410958904109589,0.11232876712328767,36.02008095310159,55.185580509432995,7.523447287789903
BE,hour,10,365,0.7671232876712328,0.12054794520547946,0.11232876712328767,34.92195655091168,56.632643367668955,7.611542171164623
BE,hour,11,365,0.7589041095890411,0.1095890410958904,0.13150684931506848,36.021969290955425,61.799840433464354,8.026172227520366
BE,hour,12,365,0.7726027397260274,0.09315068493150686,0.13424657534246576,37.819404298965246,69.20566582111981,8.851524911638258
BE,hour,13,365,0.7890410958904109,0.0958904109589041,0.11506849315068493,37.813707116532,78.09173142458478,9.720803476795938
BE,hour,14,365,0.7863013698630137,0.09863013698630137,0.11506849315068493,37.63980115080533,79.49398934434916,9.858226473089331
BE,hour,15,365,0.8,0.07945205479452055,0.12054794520547946,38.12027836629789,63.79507592547883,8.269797880852595
BE,hour,16,365,0.7917808219178082,0.10410958904109589,0.10410958904109589,34.75879276223379,55.42159179502516,7.488853974292102
BE,hour,17,365,0.7616438356164383,0.10410958904109589,0.13424657534246576,33.9202296635876,56.40507701982801,7.6771256761178535
BE,hour,18,365,0.7808219178082192,0.09315068493150686,0.12602739726027398,35.22369477781531,61.30183269188523,8.144161503618847
BE,hour,19,365,0.7342465753424657,0.12602739726027398,0.13972602739726028,40.87033864896591,93.7011266875227,11.842818597969769
BE,hour,20,365,0.7671232876712328,0.1232876712328767,0.1095890410958904,44.17812178102258,100.1614076937126,12.638962463910447
BE,hour,21,365,0.7972602739726027,0.12876712328767123,0.07397260273972603,39.59934986062246,85.62019804008027,10.843121049688046
BE,hour,22,365,0.7616438356164383,0.10136986301369863,0.136986301369863,30.908415776082915,59.09599518632583,7.697168310230955
BE,hour,23,365,0.7506849315068493,0.15342465753424658,0.0958904109589041,26.790328697309103,47.646113093633545,6.3884942596987555
BE,season,DJF,2160,0.7185185185185186,0.1527777777777778,0.1287037037037037,18.48604799023381,33.09346684070926,4.49240022165408
BE,season,JJA,2208,0.7545289855072463,0.11639492753623189,0.12907608695652173,40.27095646270807,80.71720998560453,10.362046959336613
BE,season,MAM,2207,0.7788853647485274,0.08291798821930221,0.13819664703217036,35.066207446714955,66.28296574410626,8.44046223418189
BE,season,SON,2185,0.7258581235697941,0.13409610983981693,0.140045766590389,28.62795668717653,53.106232911512166,7.1067555859692835
BE,regime,negative,330,0.8515151515151516,0.07272727272727272,0.07575757575757576,49.84743985262784,125.20759024109434,14.277819602419742
BE,regime,upper95_train,1437,0.7014613778705637,0.081419624217119,0.21711899791231734,41.83015927160126,108.76363426670761,13.665802747958715
BE,regime,upper99_train,388,0.6134020618556701,0.05670103092783505,0.32989690721649484,62.976744956576944,249.50327223099333,29.904479209682115
DE,all,all,8760,0.7433789954337899,0.1256849315068493,0.13093607305936072,30.980929976946687,58.786140819920945,7.625391060986616
DE,split,test,2160,0.749537037037037,0.09583333333333334,0.15462962962962962,35.05137797108403,71.43141868966028,9.11830873658271
DE,split,train,4321,0.729923628789632,0.14834529044202732,0.12173108076834066,27.925781928894285,50.89798282558909,6.716316505618299
DE,split,validation,2279,0.7630539710399298,0.11101360245721807,0.12593242650285214,32.91560617189964,61.75715025163263,7.934039141047583
DE,hour,0,365,0.6027397260273972,0.16986301369863013,0.2273972602739726,13.513252132886077,32.99305989666942,4.3317812443507036
DE,hour,1,365,0.6684931506849315,0.1506849315068493,0.18082191780821918,14.901758345512494,31.483519990110914,4.1467379838527085
DE,hour,2,365,0.6986301369863014,0.13424657534246576,0.16712328767123288,16.041987150009366,33.2577892301677,4.378545744742512
DE,hour,3,365,0.7013698630136986,0.14246575342465753,0.15616438356164383,17.08482093288474,34.63192570541204,4.579263979951682
DE,hour,4,365,0.7123287671232876,0.13150684931506848,0.15616438356164383,18.06556903368806,35.20303562333716,4.732674515545577
DE,hour,5,365,0.7315068493150685,0.13972602739726028,0.12876712328767123,20.016399853850064,36.534059444724974,4.937305468904944
DE,hour,6,365,0.6986301369863014,0.15342465753424658,0.14794520547945206,24.206046201104986,42.11660072103729,5.7314310734025415
DE,hour,7,365,0.7616438356164383,0.12876712328767123,0.1095890410958904,33.528325715783524,54.582414081914315,7.359700071124487
DE,hour,8,365,0.7780821917808219,0.10684931506849316,0.11506849315068493,36.21473842255057,56.16966263226314,7.679749247759155
DE,hour,9,365,0.7753424657534247,0.1178082191780822,0.10684931506849316,34.39923364299617,54.149944540045276,7.135042124787046
DE,hour,10,365,0.7698630136986301,0.11506849315068493,0.11506849315068493,33.092002398347205,54.12760318855874,7.179855843371412
DE,hour,11,365,0.7315068493150685,0.12876712328767123,0.13972602739726028,34.02963651892257,61.5914868796804,8.000885506014386
DE,hour,12,365,0.7671232876712328,0.10410958904109589,0.12876712328767123,35.77578849269919,69.03665345473614,8.817861601706362
DE,hour,13,365,0.7780821917808219,0.10136986301369863,0.12054794520547946,36.684048002060145,81.28329868134229,9.97504906440924
DE,hour,14,365,0.7726027397260274,0.10684931506849316,0.12054794520547946,37.16768273131488,81.1884148829002,10.000051893321128
DE,hour,15,365,0.7917808219178082,0.10136986301369863,0.10684931506849316,38.81860089236743,67.12429837834028,8.664054436612
DE,hour,16,365,0.7424657534246575,0.13150684931506848,0.12602739726027398,37.00454255195513,65.08694974541339,8.667154912172535
DE,hour,17,365,0.7643835616438356,0.11232876712328767,0.1232876712328767,37.55411495051972,63.38008739711815,8.47168100636889
DE,hour,18,365,0.7890410958904109,0.10136986301369863,0.1095890410958904,41.406213577479534,67.43041124089714,9.089913212413343
DE,hour,19,365,0.7890410958904109,0.10410958904109589,0.10684931506849316,48.53754040443734,102.84706005412957,12.984069385567722
DE,hour,20,365,0.7698630136986301,0.1095890410958904,0.12054794520547946,45.62376672405086,106.29389443163296,13.167695907151629
DE,hour,21,365,0.7534246575342466,0.13150684931506848,0.11506849315068493,37.15114368804514,79.30034538981627,9.893245519744411
DE,hour,22,365,0.736986301369863,0.12876712328767123,0.13424657534246576,27.9450365353937,55.91084144024803,7.160542440154963
DE,hour,23,365,0.7561643835616438,0.1643835616438356,0.07945205479452055,24.780070547861595,45.14402264760674,5.925093280249437
DE,season,DJF,2160,0.7212962962962963,0.16527777777777777,0.11342592592592593,23.100321185147322,43.49028588299039,5.7259241441827085
DE,season,JJA,2208,0.7558876811594203,0.09782608695652174,0.14628623188405798,33.226675705633305,65.26069849022043,8.400800525864623
DE,season,MAM,2207,0.7684639782510195,0.09922972360670594,0.13230629814227457,34.06362385613701,64.09855769041489,8.17686882921682
DE,season,SON,2185,0.7272311212814645,0.1414187643020595,0.13135011441647598,33.388254018124506,61.998369330020935,8.162522872136158
DE,regime,negative,527,0.889943074003795,0.058823529411764705,0.051233396584440226,46.19279925149125,93.33887175510229,10.825233959443887
DE,regime,upper95_train,900,0.6888888888888889,0.06333333333333334,0.2477777777777778,55.12413003709581,149.3998382856945,18.663763820058424
DE,regime,upper99_train,104,0.33653846153846156,0.028846153846153848,0.6346153846153846,107.73745888930101,663.0151352079254,78.28899418193564
FR,all,all,8760,0.7299086757990868,0.13150684931506848,0.13858447488584474,33.27664865990208,60.17251830093224,8.040310527199807
FR,split,test,2160,0.7277777777777777,0.1300925925925926,0.14212962962962963,37.9231926979842,65.98549154205901,8.950261681459482
FR,split,train,4321,0.7188150890997455,0.14302244850728998,0.1381624623929646,27.25783855444412,48.235312148851754,6.536705217913073
FR,split,validation,2279,0.7529618253620008,0.11101360245721807,0.13602457218078104,40.284434242800906,77.2961012681573,10.028719499655738
FR,hour,0,365,0.5643835616438356,0.23835616438356164,0.19726027397260273,18.848448933640572,55.382365031871636,6.976561351653444
FR,hour,1,365,0.6356164383561644,0.16986301369863013,0.19452054794520549,21.883171457787082,50.20935220370566,6.539067329489119
FR,hour,2,365,0.663013698630137,0.12602739726027398,0.21095890410958903,23.68381559293564,52.34213999336607,6.859005256626965
FR,hour,3,365,0.6547945205479452,0.14794520547945206,0.19726027397260273,24.910357394283764,57.05275806039871,7.435605937883314
FR,hour,4,365,0.7041095890410959,0.13424657534246576,0.16164383561643836,26.837766777979184,55.26909393540993,7.2966181698162185
FR,hour,5,365,0.6958904109589041,0.1589041095890411,0.14520547945205478,28.002791051995263,54.23198007743411,7.288788766663874
FR,hour,6,365,0.7178082191780822,0.1589041095890411,0.1232876712328767,30.551618790299926,57.52740885027666,7.816310398477154
FR,hour,7,365,0.726027397260274,0.13972602739726028,0.13424657534246576,34.35196380615234,60.01578698607527,8.15209032270194
FR,hour,8,365,0.7671232876712328,0.09863013698630137,0.13424657534246576,37.25795954874117,63.61788380413401,8.682626126277084
FR,hour,9,365,0.7753424657534247,0.10684931506849316,0.1178082191780822,36.46842986851522,56.280431722726696,7.718402096339467
FR,hour,10,365,0.7397260273972602,0.14246575342465753,0.1178082191780822,33.89244203959426,54.678585530966195,7.595095363071152
FR,hour,11,365,0.7397260273972602,0.12054794520547946,0.13972602739726028,33.10867025296982,57.345675570303804,7.718758363609706
FR,hour,12,365,0.7534246575342466,0.09315068493150686,0.15342465753424658,34.02120197243887,65.58738020486105,8.550717869658039
FR,hour,13,365,0.7671232876712328,0.11232876712328767,0.12054794520547946,33.76828582450135,73.13518894507989,9.187556634318742
FR,hour,14,365,0.7424657534246575,0.1178082191780822,0.13972602739726028,33.64597320034079,74.54152674058612,9.457601802987261
FR,hour,15,365,0.7917808219178082,0.09041095890410959,0.1178082191780822,34.5237076589506,62.15213596450545,8.162015412440626
FR,hour,16,365,0.7561643835616438,0.12602739726027398,0.1178082191780822,34.629743325220396,57.792562374752755,7.81014167020386
FR,hour,17,365,0.7698630136986301,0.1232876712328767,0.10684931506849316,36.992265267568094,58.53007878694972,7.860122457665124
FR,hour,18,365,0.7616438356164383,0.1178082191780822,0.12054794520547946,40.12824114969332,61.621251387194164,8.502210201589664
FR,hour,19,365,0.7315068493150685,0.13150684931506848,0.136986301369863,42.18254345933052,70.92571941772962,9.693854620474193
FR,hour,20,365,0.7561643835616438,0.13424657534246576,0.1095890410958904,42.20524364105643,68.80043254741611,9.358263651230475
FR,hour,21,365,0.7534246575342466,0.13424657534246576,0.11232876712328767,40.07930205880779,61.95003295250398,8.482593968652782
FR,hour,22,365,0.7780821917808219,0.10410958904109589,0.1178082191780822,38.10332335380659,57.83988695995126,7.9242629233154
FR,hour,23,365,0.7726027397260274,0.12876712328767123,0.09863013698630137,38.56230141104084,57.31078117417488,7.89918195764974
FR,season,DJF,2160,0.687962962962963,0.16805555555555557,0.1439814814814815,23.94528199036916,46.75502483271537,6.204279481846556
FR,season,JJA,2208,0.7350543478260869,0.12092391304347826,0.14402173913043478,36.97987159265988,63.90826464182136,8.69013276650586
FR,season,MAM,2207,0.7584956955142728,0.10149524241051201,0.1400090620752152,41.52507200617028,79.45577839557357,10.320680188142203
FR,season,SON,2185,0.737299771167048,0.13638443935926772,0.12631578947368421,30.427571060564752,50.18400706147771,6.895341974282361
FR,regime,negative,577,0.854419410745234,0.0658578856152513,0.07972270363951472,35.20972369903088,91.50614475772987,10.554464187228032
FR,regime,upper95_train,1497,0.7040748162992652,0.0788243152972612,0.21710086840347362,36.22302737392102,65.14767213193248,8.895450760310585
FR,regime,upper99_train,626,0.7060702875399361,0.0670926517571885,0.2268370607028754,37.9816759371529,76.44611417668872,10.082243769563798
NL,all,all,8760,0.758675799086758,0.11746575342465754,0.12385844748858447,31.68501563485899,58.28805859994003,7.609612842953677
NL,split,test,2160,0.7513888888888889,0.10694444444444444,0.14166666666666666,37.94263962816309,76.37286405795878,9.736727714745367
NL,split,train,4321,0.7526035639898172,0.134922471650081,0.11247396436010183,27.360987689091743,47.21746534749182,6.314882663827609
NL,split,validation,2279,0.7770952172005265,0.09433962264150944,0.12856516015796401,33.952526353649425,62.13748977787257,8.048384664337485
NL,hour,0,365,0.6712328767123288,0.14246575342465753,0.1863013698630137,14.364807891845704,34.501175609165344,4.525757127099966
NL,hour,1,365,0.6986301369863014,0.1178082191780822,0.18356164383561643,15.809718908022528,32.95960645719974,4.343951300710546
NL,hour,2,365,0.7150684931506849,0.12054794520547946,0.1643835616438356,16.872747854990504,34.37970105192904,4.5210777310375345
NL,hour,3,365,0.7068493150684931,0.1232876712328767,0.16986301369863013,17.737621725422063,34.4124235461336,4.609225571576789
NL,hour,4,365,0.726027397260274,0.12602739726027398,0.14794520547945206,18.620704703135033,35.77094329032277,4.733823217654556
NL,hour,5,365,0.7917808219178082,0.1232876712328767,0.08493150684931507,20.45789031982422,37.592678467967296,4.926205902063494
NL,hour,6,365,0.7452054794520548,0.14520547945205478,0.1095890410958904,24.37995712071249,45.79783796557666,6.056553912922547
NL,hour,7,365,0.7780821917808219,0.12602739726027398,0.0958904109589041,33.50441677145762,54.98873571494984,7.283693841088019
NL,hour,8,365,0.7945205479452054,0.10410958904109589,0.10136986301369863,37.09648071707112,56.139590774389525,7.526950597096536
NL,hour,9,365,0.7863013698630137,0.10684931506849316,0.10684931506849316,35.894734892126635,56.92863520138568,7.6071464453951645
NL,hour,10,365,0.7726027397260274,0.1095890410958904,0.1178082191780822,34.301089916490525,55.20230601598203,7.372614423801929
NL,hour,11,365,0.7452054794520548,0.1178082191780822,0.136986301369863,34.96397696717145,61.463720030124115,8.106167065733073
NL,hour,12,365,0.7643835616438356,0.10684931506849316,0.12876712328767123,36.59771339730041,66.23088850062713,8.732989327382468
NL,hour,13,365,0.7753424657534247,0.10684931506849316,0.1178082191780822,37.27010943269077,77.13699046756338,9.746437196498198
NL,hour,14,365,0.7863013698630137,0.10684931506849316,0.10684931506849316,37.40495659815122,78.43511308637552,9.81800338324936
NL,hour,15,365,0.8082191780821918,0.08493150684931507,0.10684931506849316,38.8217983402618,62.62820932764087,8.228246604837919
NL,hour,16,365,0.7534246575342466,0.13424657534246576,0.11232876712328767,36.77681970465673,57.997324970935885,7.83671292109962
NL,hour,17,365,0.7753424657534247,0.10684931506849316,0.1178082191780822,37.41054811869582,59.70079855967192,8.173249486310992
NL,hour,18,365,0.7726027397260274,0.11506849315068493,0.11232876712328767,41.049061814399614,68.61345482081848,9.142422936103078
NL,hour,19,365,0.7972602739726027,0.0958904109589041,0.10684931506849316,48.38172939770842,97.74569453369652,12.430045235262188
NL,hour,20,365,0.7808219178082192,0.10136986301369863,0.1178082191780822,47.52253004100225,102.28199056347457,12.75614786297215
NL,hour,21,365,0.7945205479452054,0.10684931506849316,0.09863013698630137,39.631268603181184,83.70886589895952,10.489411278624075
NL,hour,22,365,0.7315068493150685,0.1232876712328767,0.14520547945205478,29.678700392213585,58.17883001492314,7.506339148694551
NL,hour,23,365,0.736986301369863,0.16712328767123288,0.0958904109589041,25.890991608084065,46.117891528748224,6.157535713673524
NL,season,DJF,2160,0.7550925925925925,0.1476851851851852,0.09722222222222222,22.74150947994656,38.28783766966836,5.15737333773991
NL,season,JJA,2208,0.7590579710144928,0.10552536231884058,0.13541666666666666,36.047198128009185,71.34311853873419,9.102821939286224
NL,season,MAM,2207,0.7734481196193929,0.08744902582691437,0.13910285455369278,35.91355481512902,65.52680116190164,8.486546034294463
NL,season,SON,2185,0.7469107551487414,0.1299771167048055,0.12311212814645309,31.846978279654984,57.55533550167004,7.639104876487024
NL,regime,negative,439,0.8747152619589977,0.06378132118451026,0.06150341685649203,49.72353555944351,103.235777548675,12.09680232282359
NL,regime,upper95_train,1133,0.7237422771403353,0.06531332744924978,0.21094439541041482,49.71538242700346,121.19978793898194,15.26488774060535
NL,regime,upper99_train,155,0.5225806451612903,0.04516129032258064,0.432258064516129,99.57998484949911,460.78115922191074,55.128390530242626
