series,day,cutoff_time_utc,raw_timestamp,value
23259,2025-10-15,2025-10-14T06:00:00+00:00,2025-10-14 22:00:00+00:00,0.0
23259,2025-10-15,2025-10-14T06:00:00+00:00,2025-10-14 22:15:00+00:00,0.0
23259,2025-10-15,2025-10-14T06:00:00+00:00,2025-10-14 22:30:00+00:00,0.0
23259,2025-10-15,2025-10-14T06:00:00+00:00,2025-10-14 22:45:00+00:00,0.0
23259,2025-10-15,2025-10-14T06:00:00+00:00,2025-10-14 23:00:00+00:00,0.0
23259,2025-10-15,2025-10-14T06:00:00+00:00,2025-10-14 23:15:00+00:00,0.0
23259,2025-10-15,2025-10-14T06:00:00+00:00,2025-10-14 23:30:00+00:00,0.0
23259,2025-10-15,2025-10-14T06:00:00+00:00,2025-10-14 23:45:00+00:00,0.0
23259,2025-10-15,2025-10-14T06:00:00+00:00,2025-10-15 00:00:00+00:00,0.0
23259,2025-10-15,2025-10-14T06:00:00+00:00,2025-10-15 00:15:00+00:00,0.0
23259,2025-10-15,2025-10-14T06:00:00+00:00,2025-10-15 00:30:00+00:00,0.0
23259,2025-10-15,2025-10-14T06:00:00+00:00,2025-10-15 00:45:00+00:00,0.0
23259,2025-10-15,2025-10-14T06:00:00+00:00,2025-10-15 01:00:00+00:00,0.0
23259,2025-10-15,2025-10-14T06:00:00+00:00,2025-10-15 01:15:00+00:00,0.0
23259,2025-10-15,2025-10-14T06:00:00+00:00,2025-10-15 01:30:00+00:00,0.0
23259,2025-10-15,2025-10-14T06:00:00+00:00,2025-10-15 01:45:00+00:00,0.0
23259,2025-10-15,2025-10-14T06:00:00+00:00,2025-10-15 02:00:00+00:00,0.0
23259,2025-10-15,2025-10-14T06:00:00+00:00,2025-10-15 02:15:00+00:00,0.0
23259,2025-10-15,2025-10-14T06:00:00+00:00,2025-10-15 02:30:00+00:00,0.0
23259,2025-10-15,2025-10-14T06:00:00+00:00,2025-10-15 02:45:00+00:00,0.0
23259,2025-10-15,2025-10-14T06:00:00+00:00,2025-10-15 03:00:00+00:00,0.0
23259,2025-10-15,2025-10-14T06:00:00+00:00,2025-10-15 03:15:00+00:00,0.0
23259,2025-10-15,2025-10-14T06:00:00+00:00,2025-10-15 03:30:00+00:00,0.0
23259,2025-10-15,2025-10-14T06:00:00+00:00,2025-10-15 03:45:00+00:00,0.0
23259,2025-10-15,2025-10-14T06:00:00+00:00,2025-10-15 04:00:00+00:00,0.0
23259,2025-10-15,2025-10-14T06:00:00+00:00,2025-10-15 04:15:00+00:00,0.0
23259,2025-10-15,2025-10-14T06:00:00+00:00,2025-10-15 04:30:00+00:00,0.0
23259,2025-10-15,2025-10-14T06:00:00+00:00,2025-10-15 04:45:00+00:00,0.0
23259,2025-10-15,2025-10-14T06:00:00+00:00,2025-10-15 05:00:00+00:00,0.0
23259,2025-10-15,2025-10-14T06:00:00+00:00,2025-10-15 05:15:00+00:00,0.0
23259,2025-10-15,2025-10-14T06:00:00+00:00,2025-10-15 05:30:00+00:00,0.0
23259,2025-10-15,2025-10-14T06:00:00+00:00,2025-10-15 05:45:00+00:00,0.0
23259,2025-10-15,2025-10-14T06:00:00+00:00,2025-10-15 06:00:00+00:00,6.548
23259,2025-10-15,2025-10-14T06:00:00+00:00,2025-10-15 06:15:00+00:00,45.288
23259,2025-10-15,2025-10-14T06:00:00+00:00,2025-10-15 06:30:00+00:00,125.112
23259,2025-10-15,2025-10-14T06:00:00+00:00,2025-10-15 06:45:00+00:00,238.596
23259,2025-10-15,2025-10-14T06:00:00+00:00,2025-10-15 07:00:00+00:00,310.018
23259,2025-10-15,2025-10-14T06:00:00+00:00,2025-10-15 07:15:00+00:00,524.265
23259,2025-10-15,2025-10-14T06:00:00+00:00,2025-10-15 07:30:00+00:00,686.324
23259,2025-10-15,2025-10-14T06:00:00+00:00,2025-10-15 07:45:00+00:00,809.793
23259,2025-10-15,2025-10-14T06:00:00+00:00,2025-10-15 08:00:00+00:00,847.074
23259,2025-10-15,2025-10-14T06:00:00+00:00,2025-10-15 08:15:00+00:00,1196.211
23259,2025-10-15,2025-10-14T06:00:00+00:00,2025-10-15 08:30:00+00:00,1389.097
23259,2025-10-15,2025-10-14T06:00:00+00:00,2025-10-15 08:45:00+00:00,1555.242
23259,2025-10-15,2025-10-14T06:00:00+00:00,2025-10-15 09:00:00+00:00,1750.671
23259,2025-10-15,2025-10-14T06:00:00+00:00,2025-10-15 09:15:00+00:00,1937.554
23259,2025-10-15,2025-10-14T06:00:00+00:00,2025-10-15 09:30:00+00:00,2110.791
23259,2025-10-15,2025-10-14T06:00:00+00:00,2025-10-15 09:45:00+00:00,1866.8
23259,2025-10-15,2025-10-14T06:00:00+00:00,2025-10-15 10:00:00+00:00,1956.717
23259,2025-10-15,2025-10-14T06:00:00+00:00,2025-10-15 10:15:00+00:00,2038.113
23259,2025-10-15,2025-10-14T06:00:00+00:00,2025-10-15 10:30:00+00:00,2508.522
23259,2025-10-15,2025-10-14T06:00:00+00:00,2025-10-15 10:45:00+00:00,2528.776
23259,2025-10-15,2025-10-14T06:00:00+00:00,2025-10-15 11:00:00+00:00,2111.31
23259,2025-10-15,2025-10-14T06:00:00+00:00,2025-10-15 11:15:00+00:00,2484.986
23259,2025-10-15,2025-10-14T06:00:00+00:00,2025-10-15 11:30:00+00:00,2409.212
23259,2025-10-15,2025-10-14T06:00:00+00:00,2025-10-15 11:45:00+00:00,1972.198
23259,2025-10-15,2025-10-14T06:00:00+00:00,2025-10-15 12:00:00+00:00,2149.992
23259,2025-10-15,2025-10-14T06:00:00+00:00,2025-10-15 12:15:00+00:00,1857.59
23259,2025-10-15,2025-10-14T06:00:00+00:00,2025-10-15 12:30:00+00:00,1772.37
23259,2025-10-15,2025-10-14T06:00:00+00:00,2025-10-15 12:45:00+00:00,1692.39
23259,2025-10-15,2025-10-14T06:00:00+00:00,2025-10-15 13:00:00+00:00,1599.073
23259,2025-10-15,2025-10-14T06:00:00+00:00,2025-10-15 13:15:00+00:00,1693.191
23259,2025-10-15,2025-10-14T06:00:00+00:00,2025-10-15 13:30:00+00:00,1583.528
23259,2025-10-15,2025-10-14T06:00:00+00:00,2025-10-15 13:45:00+00:00,1274.135
23259,2025-10-15,2025-10-14T06:00:00+00:00,2025-10-15 14:00:00+00:00,1347.596
23259,2025-10-15,2025-10-14T06:00:00+00:00,2025-10-15 14:15:00+00:00,1048.534
23259,2025-10-15,2025-10-14T06:00:00+00:00,2025-10-15 14:30:00+00:00,922.683
23259,2025-10-15,2025-10-14T06:00:00+00:00,2025-10-15 14:45:00+00:00,941.989
23259,2025-10-15,2025-10-14T06:00:00+00:00,2025-10-15 15:00:00+00:00,761.489
23259,2025-10-15,2025-10-14T06:00:00+00:00,2025-10-15 15:15:00+00:00,657.299
23259,2025-10-15,2025-10-14T06:00:00+00:00,2025-10-15 15:30:00+00:00,506.63
23259,2025-10-15,2025-10-14T06:00:00+00:00,2025-10-15 15:45:00+00:00,344.566
23259,2025-10-15,2025-10-14T06:00:00+00:00,2025-10-15 16:00:00+00:00,206.316
23259,2025-10-15,2025-10-14T06:00:00+00:00,2025-10-15 16:15:00+00:00,102.026
23259,2025-10-15,2025-10-14T06:00:00+00:00,2025-10-15 16:30:00+00:00,26.396
23259,2025-10-15,2025-10-14T06:00:00+00:00,2025-10-15 16:45:00+00:00,1.71
23259,2025-10-15,2025-10-14T06:00:00+00:00,2025-10-15 17:00:00+00:00,0.0
23259,2025-10-15,2025-10-14T06:00:00+00:00,2025-10-15 17:15:00+00:00,0.0
23259,2025-10-15,2025-10-14T06:00:00+00:00,2025-10-15 17:30:00+00:00,0.0
23259,2025-10-15,2025-10-14T06:00:00+00:00,2025-10-15 17:45:00+00:00,0.0
23259,2025-10-15,2025-10-14T06:00:00+00:00,2025-10-15 18:00:00+00:00,0.0
23259,2025-10-15,2025-10-14T06:00:00+00:00,2025-10-15 18:15:00+00:00,0.0
23259,2025-10-15,2025-10-14T06:00:00+00:00,2025-10-15 18:30:00+00:00,0.0
23259,2025-10-15,2025-10-14T06:00:00+00:00,2025-10-15 18:45:00+00:00,0.0
23259,2025-10-15,2025-10-14T06:00:00+00:00,2025-10-15 19:00:00+00:00,0.0
23259,2025-10-15,2025-10-14T06:00:00+00:00,2025-10-15 19:15:00+00:00,0.0
23259,2025-10-15,2025-10-14T06:00:00+00:00,2025-10-15 19:30:00+00:00,0.0
23259,2025-10-15,2025-10-14T06:00:00+00:00,2025-10-15 19:45:00+00:00,0.0
23259,2025-10-15,2025-10-14T06:00:00+00:00,2025-10-15 20:00:00+00:00,0.0
23259,2025-10-15,2025-10-14T06:00:00+00:00,2025-10-15 20:15:00+00:00,0.0
23259,2025-10-15,2025-10-14T06:00:00+00:00,2025-10-15 20:30:00+00:00,0.0
23259,2025-10-15,2025-10-14T06:00:00+00:00,2025-10-15 20:45:00+00:00,0.0
23259,2025-10-15,2025-10-14T06:00:00+00:00,2025-10-15 21:00:00+00:00,0.0
23259,2025-10-15,2025-10-14T06:00:00+00:00,2025-10-15 21:15:00+00:00,0.0
23259,2025-10-15,2025-10-14T06:00:00+00:00,2025-10-15 21:30:00+00:00,0.0
23259,2025-10-15,2025-10-14T06:00:00+00:00,2025-10-15 21:45:00+00:00,0.0
23259,2026-01-15,2026-01-14T07:00:00+00:00,2026-01-14 23:00:00+00:00,0.0
23259,2026-01-15,2026-01-14T07:00:00+00:00,2026-01-14 23:15:00+00:00,0.0
23259,2026-01-15,2026-01-14T07:00:00+00:00,2026-01-14 23:30:00+00:00,0.0
23259,2026-01-15,2026-01-14T07:00:00+00:00,2026-01-14 23:45:00+00:00,0.0
23259,2026-01-15,2026-01-14T07:00:00+00:00,2026-01-15 00:00:00+00:00,0.0
23259,2026-01-15,2026-01-14T07:00:00+00:00,2026-01-15 00:15:00+00:00,0.0
23259,2026-01-15,2026-01-14T07:00:00+00:00,2026-01-15 00:30:00+00:00,0.0
23259,2026-01-15,2026-01-14T07:00:00+00:00,2026-01-15 00:45:00+00:00,0.0
23259,2026-01-15,2026-01-14T07:00:00+00:00,2026-01-15 01:00:00+00:00,0.0
23259,2026-01-15,2026-01-14T07:00:00+00:00,2026-01-15 01:15:00+00:00,0.0
23259,2026-01-15,2026-01-14T07:00:00+00:00,2026-01-15 01:30:00+00:00,0.0
23259,2026-01-15,2026-01-14T07:00:00+00:00,2026-01-15 01:45:00+00:00,0.0
23259,2026-01-15,2026-01-14T07:00:00+00:00,2026-01-15 02:00:00+00:00,0.0
23259,2026-01-15,2026-01-14T07:00:00+00:00,2026-01-15 02:15:00+00:00,0.0
23259,2026-01-15,2026-01-14T07:00:00+00:00,2026-01-15 02:30:00+00:00,0.0
23259,2026-01-15,2026-01-14T07:00:00+00:00,2026-01-15 02:45:00+00:00,0.0
23259,2026-01-15,2026-01-14T07:00:00+00:00,2026-01-15 03:00:00+00:00,0.0
23259,2026-01-15,2026-01-14T07:00:00+00:00,2026-01-15 03:15:00+00:00,0.0
23259,2026-01-15,2026-01-14T07:00:00+00:00,2026-01-15 03:30:00+00:00,0.0
23259,2026-01-15,2026-01-14T07:00:00+00:00,2026-01-15 03:45:00+00:00,0.0
23259,2026-01-15,2026-01-14T07:00:00+00:00,2026-01-15 04:00:00+00:00,0.0
23259,2026-01-15,2026-01-14T07:00:00+00:00,2026-01-15 04:15:00+00:00,0.0
23259,2026-01-15,2026-01-14T07:00:00+00:00,2026-01-15 04:30:00+00:00,0.0
23259,2026-01-15,2026-01-14T07:00:00+00:00,2026-01-15 04:45:00+00:00,0.0
23259,2026-01-15,2026-01-14T07:00:00+00:00,2026-01-15 05:00:00+00:00,0.0
23259,2026-01-15,2026-01-14T07:00:00+00:00,2026-01-15 05:15:00+00:00,0.0
23259,2026-01-15,2026-01-14T07:00:00+00:00,2026-01-15 05:30:00+00:00,0.0
23259,2026-01-15,2026-01-14T07:00:00+00:00,2026-01-15 05:45:00+00:00,0.0
23259,2026-01-15,2026-01-14T07:00:00+00:00,2026-01-15 06:00:00+00:00,0.0
23259,2026-01-15,2026-01-14T07:00:00+00:00,2026-01-15 06:15:00+00:00,0.0
23259,2026-01-15,2026-01-14T07:00:00+00:00,2026-01-15 06:30:00+00:00,0.0
23259,2026-01-15,2026-01-14T07:00:00+00:00,2026-01-15 06:45:00+00:00,0.0
23259,2026-01-15,2026-01-14T07:00:00+00:00,2026-01-15 07:00:00+00:00,0.0
23259,2026-01-15,2026-01-14T07:00:00+00:00,2026-01-15 07:15:00+00:00,0.0
23259,2026-01-15,2026-01-14T07:00:00+00:00,2026-01-15 07:30:00+00:00,0.845
23259,2026-01-15,2026-01-14T07:00:00+00:00,2026-01-15 07:45:00+00:00,10.221
23259,2026-01-15,2026-01-14T07:00:00+00:00,2026-01-15 08:00:00+00:00,31.654
23259,2026-01-15,2026-01-14T07:00:00+00:00,2026-01-15 08:15:00+00:00,59.089
23259,2026-01-15,2026-01-14T07:00:00+00:00,2026-01-15 08:30:00+00:00,99.398
23259,2026-01-15,2026-01-14T07:00:00+00:00,2026-01-15 08:45:00+00:00,125.375
23259,2026-01-15,2026-01-14T07:00:00+00:00,2026-01-15 09:00:00+00:00,178.386
23259,2026-01-15,2026-01-14T07:00:00+00:00,2026-01-15 09:15:00+00:00,221.061
23259,2026-01-15,2026-01-14T07:00:00+00:00,2026-01-15 09:30:00+00:00,267.859
23259,2026-01-15,2026-01-14T07:00:00+00:00,2026-01-15 09:45:00+00:00,302.407
23259,2026-01-15,2026-01-14T07:00:00+00:00,2026-01-15 10:00:00+00:00,358.889
23259,2026-01-15,2026-01-14T07:00:00+00:00,2026-01-15 10:15:00+00:00,446.668
23259,2026-01-15,2026-01-14T07:00:00+00:00,2026-01-15 10:30:00+00:00,571.64
23259,2026-01-15,2026-01-14T07:00:00+00:00,2026-01-15 10:45:00+00:00,582.532
23259,2026-01-15,2026-01-14T07:00:00+00:00,2026-01-15 11:00:00+00:00,566.491
23259,2026-01-15,2026-01-14T07:00:00+00:00,2026-01-15 11:15:00+00:00,570.528
23259,2026-01-15,2026-01-14T07:00:00+00:00,2026-01-15 11:30:00+00:00,574.221
23259,2026-01-15,2026-01-14T07:00:00+00:00,2026-01-15 11:45:00+00:00,679.521
23259,2026-01-15,2026-01-14T07:00:00+00:00,2026-01-15 12:00:00+00:00,685.018
23259,2026-01-15,2026-01-14T07:00:00+00:00,2026-01-15 12:15:00+00:00,682.468
23259,2026-01-15,2026-01-14T07:00:00+00:00,2026-01-15 12:30:00+00:00,541.247
23259,2026-01-15,2026-01-14T07:00:00+00:00,2026-01-15 12:45:00+00:00,536.059
23259,2026-01-15,2026-01-14T07:00:00+00:00,2026-01-15 13:00:00+00:00,557.76
23259,2026-01-15,2026-01-14T07:00:00+00:00,2026-01-15 13:15:00+00:00,468.209
23259,2026-01-15,2026-01-14T07:00:00+00:00,2026-01-15 13:30:00+00:00,430.562
23259,2026-01-15,2026-01-14T07:00:00+00:00,2026-01-15 13:45:00+00:00,380.322
23259,2026-01-15,2026-01-14T07:00:00+00:00,2026-01-15 14:00:00+00:00,354.691
23259,2026-01-15,2026-01-14T07:00:00+00:00,2026-01-15 14:15:00+00:00,269.942
23259,2026-01-15,2026-01-14T07:00:00+00:00,2026-01-15 14:30:00+00:00,246.571
23259,2026-01-15,2026-01-14T07:00:00+00:00,2026-01-15 14:45:00+00:00,182.209
23259,2026-01-15,2026-01-14T07:00:00+00:00,2026-01-15 15:00:00+00:00,117.198
23259,2026-01-15,2026-01-14T07:00:00+00:00,2026-01-15 15:15:00+00:00,74.612
23259,2026-01-15,2026-01-14T07:00:00+00:00,2026-01-15 15:30:00+00:00,42.181
23259,2026-01-15,2026-01-14T07:00:00+00:00,2026-01-15 15:45:00+00:00,12.889
23259,2026-01-15,2026-01-14T07:00:00+00:00,2026-01-15 16:00:00+00:00,0.601
23259,2026-01-15,2026-01-14T07:00:00+00:00,2026-01-15 16:15:00+00:00,0.0
23259,2026-01-15,2026-01-14T07:00:00+00:00,2026-01-15 16:30:00+00:00,0.0
23259,2026-01-15,2026-01-14T07:00:00+00:00,2026-01-15 16:45:00+00:00,0.0
23259,2026-01-15,2026-01-14T07:00:00+00:00,2026-01-15 17:00:00+00:00,0.0
23259,2026-01-15,2026-01-14T07:00:00+00:00,2026-01-15 17:15:00+00:00,0.0
23259,2026-01-15,2026-01-14T07:00:00+00:00,2026-01-15 17:30:00+00:00,0.0
23259,2026-01-15,2026-01-14T07:00:00+00:00,2026-01-15 17:45:00+00:00,0.0
23259,2026-01-15,2026-01-14T07:00:00+00:00,2026-01-15 18:00:00+00:00,0.0
23259,2026-01-15,2026-01-14T07:00:00+00:00,2026-01-15 18:15:00+00:00,0.0
23259,2026-01-15,2026-01-14T07:00:00+00:00,2026-01-15 18:30:00+00:00,0.0
23259,2026-01-15,2026-01-14T07:00:00+00:00,2026-01-15 18:45:00+00:00,0.0
23259,2026-01-15,2026-01-14T07:00:00+00:00,2026-01-15 19:00:00+00:00,0.0
23259,2026-01-15,2026-01-14T07:00:00+00:00,2026-01-15 19:15:00+00:00,0.0
23259,2026-01-15,2026-01-14T07:00:00+00:00,2026-01-15 19:30:00+00:00,0.0
23259,2026-01-15,2026-01-14T07:00:00+00:00,2026-01-15 19:45:00+00:00,0.0
23259,2026-01-15,2026-01-14T07:00:00+00:00,2026-01-15 20:00:00+00:00,0.0
23259,2026-01-15,2026-01-14T07:00:00+00:00,2026-01-15 20:15:00+00:00,0.0
23259,2026-01-15,2026-01-14T07:00:00+00:00,2026-01-15 20:30:00+00:00,0.0
23259,2026-01-15,2026-01-14T07:00:00+00:00,2026-01-15 20:45:00+00:00,0.0
23259,2026-01-15,2026-01-14T07:00:00+00:00,2026-01-15 21:00:00+00:00,0.0
23259,2026-01-15,2026-01-14T07:00:00+00:00,2026-01-15 21:15:00+00:00,0.0
23259,2026-01-15,2026-01-14T07:00:00+00:00,2026-01-15 21:30:00+00:00,0.0
23259,2026-01-15,2026-01-14T07:00:00+00:00,2026-01-15 21:45:00+00:00,0.0
23259,2026-01-15,2026-01-14T07:00:00+00:00,2026-01-15 22:00:00+00:00,0.0
23259,2026-01-15,2026-01-14T07:00:00+00:00,2026-01-15 22:15:00+00:00,0.0
23259,2026-01-15,2026-01-14T07:00:00+00:00,2026-01-15 22:30:00+00:00,0.0
23259,2026-01-15,2026-01-14T07:00:00+00:00,2026-01-15 22:45:00+00:00,0.0
23259,2026-04-15,2026-04-14T06:00:00+00:00,2026-04-14 22:00:00+00:00,0.0
23259,2026-04-15,2026-04-14T06:00:00+00:00,2026-04-14 22:15:00+00:00,0.0
23259,2026-04-15,2026-04-14T06:00:00+00:00,2026-04-14 22:30:00+00:00,0.0
23259,2026-04-15,2026-04-14T06:00:00+00:00,2026-04-14 22:45:00+00:00,0.0
23259,2026-04-15,2026-04-14T06:00:00+00:00,2026-04-14 23:00:00+00:00,0.0
23259,2026-04-15,2026-04-14T06:00:00+00:00,2026-04-14 23:15:00+00:00,0.0
23259,2026-04-15,2026-04-14T06:00:00+00:00,2026-04-14 23:30:00+00:00,0.0
23259,2026-04-15,2026-04-14T06:00:00+00:00,2026-04-14 23:45:00+00:00,0.0
23259,2026-04-15,2026-04-14T06:00:00+00:00,2026-04-15 00:00:00+00:00,0.0
23259,2026-04-15,2026-04-14T06:00:00+00:00,2026-04-15 00:15:00+00:00,0.0
23259,2026-04-15,2026-04-14T06:00:00+00:00,2026-04-15 00:30:00+00:00,0.0
23259,2026-04-15,2026-04-14T06:00:00+00:00,2026-04-15 00:45:00+00:00,0.0
23259,2026-04-15,2026-04-14T06:00:00+00:00,2026-04-15 01:00:00+00:00,0.0
23259,2026-04-15,2026-04-14T06:00:00+00:00,2026-04-15 01:15:00+00:00,0.0
23259,2026-04-15,2026-04-14T06:00:00+00:00,2026-04-15 01:30:00+00:00,0.0
23259,2026-04-15,2026-04-14T06:00:00+00:00,2026-04-15 01:45:00+00:00,0.0
23259,2026-04-15,2026-04-14T06:00:00+00:00,2026-04-15 02:00:00+00:00,0.0
23259,2026-04-15,2026-04-14T06:00:00+00:00,2026-04-15 02:15:00+00:00,0.0
23259,2026-04-15,2026-04-14T06:00:00+00:00,2026-04-15 02:30:00+00:00,0.0
23259,2026-04-15,2026-04-14T06:00:00+00:00,2026-04-15 02:45:00+00:00,0.0
23259,2026-04-15,2026-04-14T06:00:00+00:00,2026-04-15 03:00:00+00:00,0.0
23259,2026-04-15,2026-04-14T06:00:00+00:00,2026-04-15 03:15:00+00:00,0.0
23259,2026-04-15,2026-04-14T06:00:00+00:00,2026-04-15 03:30:00+00:00,0.0
23259,2026-04-15,2026-04-14T06:00:00+00:00,2026-04-15 03:45:00+00:00,0.0
23259,2026-04-15,2026-04-14T06:00:00+00:00,2026-04-15 04:00:00+00:00,0.0
23259,2026-04-15,2026-04-14T06:00:00+00:00,2026-04-15 04:15:00+00:00,0.0
23259,2026-04-15,2026-04-14T06:00:00+00:00,2026-04-15 04:30:00+00:00,0.0
23259,2026-04-15,2026-04-14T06:00:00+00:00,2026-04-15 04:45:00+00:00,18.176
23259,2026-04-15,2026-04-14T06:00:00+00:00,2026-04-15 05:00:00+00:00,82.628
23259,2026-04-15,2026-04-14T06:00:00+00:00,2026-04-15 05:15:00+00:00,183.353
23259,2026-04-15,2026-04-14T06:00:00+00:00,2026-04-15 05:30:00+00:00,322.59
23259,2026-04-15,2026-04-14T06:00:00+00:00,2026-04-15 05:45:00+00:00,532.471
23259,2026-04-15,2026-04-14T06:00:00+00:00,2026-04-15 06:00:00+00:00,785.631
23259,2026-04-15,2026-04-14T06:00:00+00:00,2026-04-15 06:15:00+00:00,1143.194
23259,2026-04-15,2026-04-14T06:00:00+00:00,2026-04-15 06:30:00+00:00,1507.226
23259,2026-04-15,2026-04-14T06:00:00+00:00,2026-04-15 06:45:00+00:00,1912.854
23259,2026-04-15,2026-04-14T06:00:00+00:00,2026-04-15 07:00:00+00:00,2222.466
23259,2026-04-15,2026-04-14T06:00:00+00:00,2026-04-15 07:15:00+00:00,2676.205
23259,2026-04-15,2026-04-14T06:00:00+00:00,2026-04-15 07:30:00+00:00,3110.855
23259,2026-04-15,2026-04-14T06:00:00+00:00,2026-04-15 07:45:00+00:00,3282.817
23259,2026-04-15,2026-04-14T06:00:00+00:00,2026-04-15 08:00:00+00:00,3644.317
23259,2026-04-15,2026-04-14T06:00:00+00:00,2026-04-15 08:15:00+00:00,3985.653
23259,2026-04-15,2026-04-14T06:00:00+00:00,2026-04-15 08:30:00+00:00,4400.31
23259,2026-04-15,2026-04-14T06:00:00+00:00,2026-04-15 08:45:00+00:00,4654.134
23259,2026-04-15,2026-04-14T06:00:00+00:00,2026-04-15 09:00:00+00:00,4955.264
23259,2026-04-15,2026-04-14T06:00:00+00:00,2026-04-15 09:15:00+00:00,5198.716
23259,2026-04-15,2026-04-14T06:00:00+00:00,2026-04-15 09:30:00+00:00,5375.082
23259,2026-04-15,2026-04-14T06:00:00+00:00,2026-04-15 09:45:00+00:00,5535.818
23259,2026-04-15,2026-04-14T06:00:00+00:00,2026-04-15 10:00:00+00:00,5633.272
23259,2026-04-15,2026-04-14T06:00:00+00:00,2026-04-15 10:15:00+00:00,5806.123
23259,2026-04-15,2026-04-14T06:00:00+00:00,2026-04-15 10:30:00+00:00,5819.415
23259,2026-04-15,2026-04-14T06:00:00+00:00,2026-04-15 10:45:00+00:00,5986.471
23259,2026-04-15,2026-04-14T06:00:00+00:00,2026-04-15 11:00:00+00:00,6056.384
23259,2026-04-15,2026-04-14T06:00:00+00:00,2026-04-15 11:15:00+00:00,5927.461
23259,2026-04-15,2026-04-14T06:00:00+00:00,2026-04-15 11:30:00+00:00,5913.969
23259,2026-04-15,2026-04-14T06:00:00+00:00,2026-04-15 11:45:00+00:00,6075.528
23259,2026-04-15,2026-04-14T06:00:00+00:00,2026-04-15 12:00:00+00:00,5812.33
23259,2026-04-15,2026-04-14T06:00:00+00:00,2026-04-15 12:15:00+00:00,5990.53
23259,2026-04-15,2026-04-14T06:00:00+00:00,2026-04-15 12:30:00+00:00,5849.903
23259,2026-04-15,2026-04-14T06:00:00+00:00,2026-04-15 12:45:00+00:00,5693.319
23259,2026-04-15,2026-04-14T06:00:00+00:00,2026-04-15 13:00:00+00:00,5455.034
23259,2026-04-15,2026-04-14T06:00:00+00:00,2026-04-15 13:15:00+00:00,5231.299
23259,2026-04-15,2026-04-14T06:00:00+00:00,2026-04-15 13:30:00+00:00,4750.53
23259,2026-04-15,2026-04-14T06:00:00+00:00,2026-04-15 13:45:00+00:00,4572.947
23259,2026-04-15,2026-04-14T06:00:00+00:00,2026-04-15 14:00:00+00:00,4222.771
23259,2026-04-15,2026-04-14T06:00:00+00:00,2026-04-15 14:15:00+00:00,3928.569
23259,2026-04-15,2026-04-14T06:00:00+00:00,2026-04-15 14:30:00+00:00,3633.549
23259,2026-04-15,2026-04-14T06:00:00+00:00,2026-04-15 14:45:00+00:00,3278.78
23259,2026-04-15,2026-04-14T06:00:00+00:00,2026-04-15 15:00:00+00:00,2919.971
23259,2026-04-15,2026-04-14T06:00:00+00:00,2026-04-15 15:15:00+00:00,2564.573
23259,2026-04-15,2026-04-14T06:00:00+00:00,2026-04-15 15:30:00+00:00,2216.082
23259,2026-04-15,2026-04-14T06:00:00+00:00,2026-04-15 15:45:00+00:00,1885.925
23259,2026-04-15,2026-04-14T06:00:00+00:00,2026-04-15 16:00:00+00:00,1516.673
23259,2026-04-15,2026-04-14T06:00:00+00:00,2026-04-15 16:15:00+00:00,1266.531
23259,2026-04-15,2026-04-14T06:00:00+00:00,2026-04-15 16:30:00+00:00,1041.584
23259,2026-04-15,2026-04-14T06:00:00+00:00,2026-04-15 16:45:00+00:00,861.866
23259,2026-04-15,2026-04-14T06:00:00+00:00,2026-04-15 17:00:00+00:00,671.512
23259,2026-04-15,2026-04-14T06:00:00+00:00,2026-04-15 17:15:00+00:00,494.927
23259,2026-04-15,2026-04-14T06:00:00+00:00,2026-04-15 17:30:00+00:00,330.574
23259,2026-04-15,2026-04-14T06:00:00+00:00,2026-04-15 17:45:00+00:00,200.524
23259,2026-04-15,2026-04-14T06:00:00+00:00,2026-04-15 18:00:00+00:00,109.264
23259,2026-04-15,2026-04-14T06:00:00+00:00,2026-04-15 18:15:00+00:00,39.228
23259,2026-04-15,2026-04-14T06:00:00+00:00,2026-04-15 18:30:00+00:00,4.344
23259,2026-04-15,2026-04-14T06:00:00+00:00,2026-04-15 18:45:00+00:00,0.0
23259,2026-04-15,2026-04-14T06:00:00+00:00,2026-04-15 19:00:00+00:00,0.0
23259,2026-04-15,2026-04-14T06:00:00+00:00,2026-04-15 19:15:00+00:00,0.0
23259,2026-04-15,2026-04-14T06:00:00+00:00,2026-04-15 19:30:00+00:00,0.0
23259,2026-04-15,2026-04-14T06:00:00+00:00,2026-04-15 19:45:00+00:00,0.0
23259,2026-04-15,2026-04-14T06:00:00+00:00,2026-04-15 20:00:00+00:00,0.0
23259,2026-04-15,2026-04-14T06:00:00+00:00,2026-04-15 20:15:00+00:00,0.0
23259,2026-04-15,2026-04-14T06:00:00+00:00,2026-04-15 20:30:00+00:00,0.0
23259,2026-04-15,2026-04-14T06:00:00+00:00,2026-04-15 20:45:00+00:00,0.0
23259,2026-04-15,2026-04-14T06:00:00+00:00,2026-04-15 21:00:00+00:00,0.0
23259,2026-04-15,2026-04-14T06:00:00+00:00,2026-04-15 21:15:00+00:00,0.0
23259,2026-04-15,2026-04-14T06:00:00+00:00,2026-04-15 21:30:00+00:00,0.0
23259,2026-04-15,2026-04-14T06:00:00+00:00,2026-04-15 21:45:00+00:00,0.0
23259,2026-07-15,2026-07-14T06:00:00+00:00,2026-07-14 22:00:00+00:00,0.0
23259,2026-07-15,2026-07-14T06:00:00+00:00,2026-07-14 22:15:00+00:00,0.0
23259,2026-07-15,2026-07-14T06:00:00+00:00,2026-07-14 22:30:00+00:00,0.0
23259,2026-07-15,2026-07-14T06:00:00+00:00,2026-07-14 22:45:00+00:00,0.0
23259,2026-07-15,2026-07-14T06:00:00+00:00,2026-07-14 23:00:00+00:00,0.0
23259,2026-07-15,2026-07-14T06:00:00+00:00,2026-07-14 23:15:00+00:00,0.0
23259,2026-07-15,2026-07-14T06:00:00+00:00,2026-07-14 23:30:00+00:00,0.0
23259,2026-07-15,2026-07-14T06:00:00+00:00,2026-07-14 23:45:00+00:00,0.0
23259,2026-07-15,2026-07-14T06:00:00+00:00,2026-07-15 00:00:00+00:00,0.0
23259,2026-07-15,2026-07-14T06:00:00+00:00,2026-07-15 00:15:00+00:00,0.0
23259,2026-07-15,2026-07-14T06:00:00+00:00,2026-07-15 00:30:00+00:00,0.0
23259,2026-07-15,2026-07-14T06:00:00+00:00,2026-07-15 00:45:00+00:00,0.0
23259,2026-07-15,2026-07-14T06:00:00+00:00,2026-07-15 01:00:00+00:00,0.0
23259,2026-07-15,2026-07-14T06:00:00+00:00,2026-07-15 01:15:00+00:00,0.0
23259,2026-07-15,2026-07-14T06:00:00+00:00,2026-07-15 01:30:00+00:00,0.0
23259,2026-07-15,2026-07-14T06:00:00+00:00,2026-07-15 01:45:00+00:00,0.0
23259,2026-07-15,2026-07-14T06:00:00+00:00,2026-07-15 02:00:00+00:00,0.0
23259,2026-07-15,2026-07-14T06:00:00+00:00,2026-07-15 02:15:00+00:00,0.0
23259,2026-07-15,2026-07-14T06:00:00+00:00,2026-07-15 02:30:00+00:00,0.0
23259,2026-07-15,2026-07-14T06:00:00+00:00,2026-07-15 02:45:00+00:00,0.0
23259,2026-07-15,2026-07-14T06:00:00+00:00,2026-07-15 03:00:00+00:00,0.0
23259,2026-07-15,2026-07-14T06:00:00+00:00,2026-07-15 03:15:00+00:00,0.0
23259,2026-07-15,2026-07-14T06:00:00+00:00,2026-07-15 03:30:00+00:00,0.0
23259,2026-07-15,2026-07-14T06:00:00+00:00,2026-07-15 03:45:00+00:00,21.691
23259,2026-07-15,2026-07-14T06:00:00+00:00,2026-07-15 04:00:00+00:00,89.706
23259,2026-07-15,2026-07-14T06:00:00+00:00,2026-07-15 04:15:00+00:00,184.653
23259,2026-07-15,2026-07-14T06:00:00+00:00,2026-07-15 04:30:00+00:00,285.41
23259,2026-07-15,2026-07-14T06:00:00+00:00,2026-07-15 04:45:00+00:00,416.004
23259,2026-07-15,2026-07-14T06:00:00+00:00,2026-07-15 05:00:00+00:00,544.378
23259,2026-07-15,2026-07-14T06:00:00+00:00,2026-07-15 05:15:00+00:00,677.538
23259,2026-07-15,2026-07-14T06:00:00+00:00,2026-07-15 05:30:00+00:00,907.387
23259,2026-07-15,2026-07-14T06:00:00+00:00,2026-07-15 05:45:00+00:00,1211.831
23259,2026-07-15,2026-07-14T06:00:00+00:00,2026-07-15 06:00:00+00:00,1558.109
23259,2026-07-15,2026-07-14T06:00:00+00:00,2026-07-15 06:15:00+00:00,1900.009
23259,2026-07-15,2026-07-14T06:00:00+00:00,2026-07-15 06:30:00+00:00,2254.298
23259,2026-07-15,2026-07-14T06:00:00+00:00,2026-07-15 06:45:00+00:00,2681.896
23259,2026-07-15,2026-07-14T06:00:00+00:00,2026-07-15 07:00:00+00:00,3031.455
23259,2026-07-15,2026-07-14T06:00:00+00:00,2026-07-15 07:15:00+00:00,3462.938
23259,2026-07-15,2026-07-14T06:00:00+00:00,2026-07-15 07:30:00+00:00,3914.147
23259,2026-07-15,2026-07-14T06:00:00+00:00,2026-07-15 07:45:00+00:00,4396.794
23259,2026-07-15,2026-07-14T06:00:00+00:00,2026-07-15 08:00:00+00:00,4903.018
23259,2026-07-15,2026-07-14T06:00:00+00:00,2026-07-15 08:15:00+00:00,5269.102
23259,2026-07-15,2026-07-14T06:00:00+00:00,2026-07-15 08:30:00+00:00,5622.436
23259,2026-07-15,2026-07-14T06:00:00+00:00,2026-07-15 08:45:00+00:00,6024.885
23259,2026-07-15,2026-07-14T06:00:00+00:00,2026-07-15 09:00:00+00:00,6342.407
23259,2026-07-15,2026-07-14T06:00:00+00:00,2026-07-15 09:15:00+00:00,6685.185
23259,2026-07-15,2026-07-14T06:00:00+00:00,2026-07-15 09:30:00+00:00,6952.484
23259,2026-07-15,2026-07-14T06:00:00+00:00,2026-07-15 09:45:00+00:00,7160.591
23259,2026-07-15,2026-07-14T06:00:00+00:00,2026-07-15 10:00:00+00:00,7326.067
23259,2026-07-15,2026-07-14T06:00:00+00:00,2026-07-15 10:15:00+00:00,7448.758
23259,2026-07-15,2026-07-14T06:00:00+00:00,2026-07-15 10:30:00+00:00,7545.107
23259,2026-07-15,2026-07-14T06:00:00+00:00,2026-07-15 10:45:00+00:00,7600.592
23259,2026-07-15,2026-07-14T06:00:00+00:00,2026-07-15 11:00:00+00:00,7672.011
23259,2026-07-15,2026-07-14T06:00:00+00:00,2026-07-15 11:15:00+00:00,7703.954
23259,2026-07-15,2026-07-14T06:00:00+00:00,2026-07-15 11:30:00+00:00,7686.992
23259,2026-07-15,2026-07-14T06:00:00+00:00,2026-07-15 11:45:00+00:00,7635.589
23259,2026-07-15,2026-07-14T06:00:00+00:00,2026-07-15 12:00:00+00:00,7570.599
23259,2026-07-15,2026-07-14T06:00:00+00:00,2026-07-15 12:15:00+00:00,7531.178
23259,2026-07-15,2026-07-14T06:00:00+00:00,2026-07-15 12:30:00+00:00,7436.335
23259,2026-07-15,2026-07-14T06:00:00+00:00,2026-07-15 12:45:00+00:00,7358.599
23259,2026-07-15,2026-07-14T06:00:00+00:00,2026-07-15 13:00:00+00:00,7170.966
23259,2026-07-15,2026-07-14T06:00:00+00:00,2026-07-15 13:15:00+00:00,7083.427
23259,2026-07-15,2026-07-14T06:00:00+00:00,2026-07-15 13:30:00+00:00,6845.377
23259,2026-07-15,2026-07-14T06:00:00+00:00,2026-07-15 13:45:00+00:00,6656.34
23259,2026-07-15,2026-07-14T06:00:00+00:00,2026-07-15 14:00:00+00:00,6466.776
23259,2026-07-15,2026-07-14T06:00:00+00:00,2026-07-15 14:15:00+00:00,6182.473
23259,2026-07-15,2026-07-14T06:00:00+00:00,2026-07-15 14:30:00+00:00,5972.489
23259,2026-07-15,2026-07-14T06:00:00+00:00,2026-07-15 14:45:00+00:00,5605.259
23259,2026-07-15,2026-07-14T06:00:00+00:00,2026-07-15 15:00:00+00:00,5336.429
23259,2026-07-15,2026-07-14T06:00:00+00:00,2026-07-15 15:15:00+00:00,4977.275
23259,2026-07-15,2026-07-14T06:00:00+00:00,2026-07-15 15:30:00+00:00,4560.189
23259,2026-07-15,2026-07-14T06:00:00+00:00,2026-07-15 15:45:00+00:00,4204.394
23259,2026-07-15,2026-07-14T06:00:00+00:00,2026-07-15 16:00:00+00:00,3797.457
23259,2026-07-15,2026-07-14T06:00:00+00:00,2026-07-15 16:15:00+00:00,3397.587
23259,2026-07-15,2026-07-14T06:00:00+00:00,2026-07-15 16:30:00+00:00,3020.151
23259,2026-07-15,2026-07-14T06:00:00+00:00,2026-07-15 16:45:00+00:00,2620.838
23259,2026-07-15,2026-07-14T06:00:00+00:00,2026-07-15 17:00:00+00:00,2183.693
23259,2026-07-15,2026-07-14T06:00:00+00:00,2026-07-15 17:15:00+00:00,1779.985
23259,2026-07-15,2026-07-14T06:00:00+00:00,2026-07-15 17:30:00+00:00,1342.998
23259,2026-07-15,2026-07-14T06:00:00+00:00,2026-07-15 17:45:00+00:00,964.213
23259,2026-07-15,2026-07-14T06:00:00+00:00,2026-07-15 18:00:00+00:00,648.902
23259,2026-07-15,2026-07-14T06:00:00+00:00,2026-07-15 18:15:00+00:00,507.749
23259,2026-07-15,2026-07-14T06:00:00+00:00,2026-07-15 18:30:00+00:00,380.255
23259,2026-07-15,2026-07-14T06:00:00+00:00,2026-07-15 18:45:00+00:00,293.374
23259,2026-07-15,2026-07-14T06:00:00+00:00,2026-07-15 19:00:00+00:00,199.803
23259,2026-07-15,2026-07-14T06:00:00+00:00,2026-07-15 19:15:00+00:00,121.909
23259,2026-07-15,2026-07-14T06:00:00+00:00,2026-07-15 19:30:00+00:00,42.725
23259,2026-07-15,2026-07-14T06:00:00+00:00,2026-07-15 19:45:00+00:00,2.245
23259,2026-07-15,2026-07-14T06:00:00+00:00,2026-07-15 20:00:00+00:00,0.0
23259,2026-07-15,2026-07-14T06:00:00+00:00,2026-07-15 20:15:00+00:00,0.0
23259,2026-07-15,2026-07-14T06:00:00+00:00,2026-07-15 20:30:00+00:00,0.0
23259,2026-07-15,2026-07-14T06:00:00+00:00,2026-07-15 20:45:00+00:00,0.0
23259,2026-07-15,2026-07-14T06:00:00+00:00,2026-07-15 21:00:00+00:00,0.0
23259,2026-07-15,2026-07-14T06:00:00+00:00,2026-07-15 21:15:00+00:00,0.0
23259,2026-07-15,2026-07-14T06:00:00+00:00,2026-07-15 21:30:00+00:00,0.0
23259,2026-07-15,2026-07-14T06:00:00+00:00,2026-07-15 21:45:00+00:00,0.0
