,actual_15m
2025-10-24 19:00:00+00:00,64.62
2025-10-24 19:15:00+00:00,49.09
2025-10-24 19:30:00+00:00,34.6
2025-10-24 19:45:00+00:00,18.65
2025-10-24 20:00:00+00:00,34.87
2025-10-24 20:15:00+00:00,26.37
2025-10-24 20:30:00+00:00,30.69
2025-10-24 20:45:00+00:00,20.07
2025-10-24 21:00:00+00:00,22.89
2025-10-24 21:15:00+00:00,7.44
2025-10-24 21:30:00+00:00,4.88
2025-10-24 21:45:00+00:00,3.93
2025-10-24 22:00:00+00:00,3.98
2025-10-24 22:15:00+00:00,4.93
2025-10-24 22:30:00+00:00,4.3
2025-10-24 22:45:00+00:00,3.33
2025-10-24 23:00:00+00:00,2.62
2025-10-24 23:15:00+00:00,2.39
2025-10-24 23:30:00+00:00,1.22
2025-10-24 23:45:00+00:00,0.52
2025-10-25 00:00:00+00:00,2.96
2025-10-25 00:15:00+00:00,1.69
2025-10-25 00:30:00+00:00,0.48
2025-10-25 00:45:00+00:00,0.34
2025-10-25 01:00:00+00:00,0.8
2025-10-25 01:15:00+00:00,0.79
2025-10-25 01:30:00+00:00,0.78
2025-10-25 01:45:00+00:00,0.53
2025-10-25 02:00:00+00:00,0.76
2025-10-25 02:15:00+00:00,0.6
2025-10-25 02:30:00+00:00,0.62
2025-10-25 02:45:00+00:00,0.77
2025-10-25 03:00:00+00:00,0.54
2025-10-25 03:15:00+00:00,0.71
2025-10-25 03:30:00+00:00,1.2
2025-10-25 03:45:00+00:00,1.43
2025-10-25 04:00:00+00:00,1.02
2025-10-25 04:15:00+00:00,1.12
2025-10-25 04:30:00+00:00,1.87
2025-10-25 04:45:00+00:00,3.16
2025-10-25 05:00:00+00:00,5.43
2025-10-25 05:15:00+00:00,5.74
2025-10-25 05:30:00+00:00,5.62
2025-10-25 05:45:00+00:00,4.67
2025-10-25 06:00:00+00:00,7.55
2025-10-25 06:15:00+00:00,7.8
2025-10-25 06:30:00+00:00,8.36
2025-10-25 06:45:00+00:00,8.95
2025-10-25 07:00:00+00:00,13.22
2025-10-25 07:15:00+00:00,11.4
2025-10-25 07:30:00+00:00,10.34
2025-10-25 07:45:00+00:00,8.8
2025-10-25 08:00:00+00:00,11.3
2025-10-25 08:15:00+00:00,10.47
2025-10-25 08:30:00+00:00,9.29
2025-10-25 08:45:00+00:00,7.0
2025-10-25 09:00:00+00:00,9.1
2025-10-25 09:15:00+00:00,5.82
2025-10-25 09:30:00+00:00,8.13
2025-10-25 09:45:00+00:00,6.1
2025-10-25 10:00:00+00:00,6.28
2025-10-25 10:15:00+00:00,6.42
2025-10-25 10:30:00+00:00,7.83
2025-10-25 10:45:00+00:00,6.36
2025-10-25 11:00:00+00:00,7.93
2025-10-25 11:15:00+00:00,6.31
2025-10-25 11:30:00+00:00,5.83
2025-10-25 11:45:00+00:00,5.76
2025-10-25 12:00:00+00:00,3.91
2025-10-25 12:15:00+00:00,6.71
2025-10-25 12:30:00+00:00,6.53
2025-10-25 12:45:00+00:00,10.85
2025-10-25 13:00:00+00:00,4.02
2025-10-25 13:15:00+00:00,7.39
2025-10-25 13:30:00+00:00,8.07
2025-10-25 13:45:00+00:00,7.66
2025-10-25 14:00:00+00:00,5.41
2025-10-25 14:15:00+00:00,7.72
2025-10-25 14:30:00+00:00,8.62
2025-10-25 14:45:00+00:00,13.13
2025-10-25 15:00:00+00:00,11.57
2025-10-25 15:15:00+00:00,24.5
2025-10-25 15:30:00+00:00,30.08
2025-10-25 15:45:00+00:00,46.81
2025-10-25 16:00:00+00:00,50.18
2025-10-25 16:15:00+00:00,58.57
2025-10-25 16:30:00+00:00,68.27
2025-10-25 16:45:00+00:00,74.35
2025-10-25 17:00:00+00:00,75.84
2025-10-25 17:15:00+00:00,74.52
2025-10-25 17:30:00+00:00,68.94
2025-10-25 17:45:00+00:00,62.67
2025-10-25 18:00:00+00:00,69.4
2025-10-25 18:15:00+00:00,50.46
2025-10-25 18:30:00+00:00,37.97
2025-10-25 18:45:00+00:00,17.12
2025-10-25 19:00:00+00:00,40.77
2025-10-25 19:15:00+00:00,26.9
2025-10-25 19:30:00+00:00,16.82
2025-10-25 19:45:00+00:00,12.76
2025-10-25 20:00:00+00:00,26.51
2025-10-25 20:15:00+00:00,19.12
2025-10-25 20:30:00+00:00,22.58
2025-10-25 20:45:00+00:00,19.61
2025-10-25 21:00:00+00:00,16.34
2025-10-25 21:15:00+00:00,9.39
2025-10-25 21:30:00+00:00,8.09
2025-10-25 21:45:00+00:00,5.39
2025-10-25 22:00:00+00:00,18.52
2025-10-25 22:15:00+00:00,16.6
2025-10-25 22:30:00+00:00,10.74
2025-10-25 22:45:00+00:00,5.67
2025-10-25 23:00:00+00:00,12.91
2025-10-25 23:15:00+00:00,12.47
2025-10-25 23:30:00+00:00,12.65
2025-10-25 23:45:00+00:00,9.88
2025-10-26 00:00:00+00:00,61.12
2025-10-26 00:15:00+00:00,10.0
2025-10-26 00:30:00+00:00,1.71
2025-10-26 00:45:00+00:00,1.2
2025-10-26 01:00:00+00:00,22.11
2025-10-26 01:15:00+00:00,1.09
2025-10-26 01:30:00+00:00,0.67
2025-10-26 01:45:00+00:00,-0.79
2025-10-26 02:00:00+00:00,0.0
2025-10-26 02:15:00+00:00,-1.15
2025-10-26 02:30:00+00:00,-1.14
2025-10-26 02:45:00+00:00,-1.33
2025-10-26 03:00:00+00:00,0.2
2025-10-26 03:15:00+00:00,-0.12
2025-10-26 03:30:00+00:00,-1.26
2025-10-26 03:45:00+00:00,-0.41
2025-10-26 04:00:00+00:00,-0.37
2025-10-26 04:15:00+00:00,-1.1
2025-10-26 04:30:00+00:00,0.1
2025-10-26 04:45:00+00:00,0.1
2025-10-26 05:00:00+00:00,1.61
2025-10-26 05:15:00+00:00,5.22
2025-10-26 05:30:00+00:00,7.41
2025-10-26 05:45:00+00:00,7.2
2025-10-26 06:00:00+00:00,15.9
2025-10-26 06:15:00+00:00,3.47
2025-10-26 06:30:00+00:00,4.1
2025-10-26 06:45:00+00:00,2.51
2025-10-26 07:00:00+00:00,20.4
2025-10-26 07:15:00+00:00,15.89
2025-10-26 07:30:00+00:00,20.41
2025-10-26 07:45:00+00:00,9.59
2025-10-26 08:00:00+00:00,23.18
2025-10-26 08:15:00+00:00,18.81
2025-10-26 08:30:00+00:00,14.03
2025-10-26 08:45:00+00:00,11.36
2025-10-26 09:00:00+00:00,10.0
2025-10-26 09:15:00+00:00,7.65
2025-10-26 09:30:00+00:00,5.11
2025-10-26 09:45:00+00:00,1.75
2025-10-26 10:00:00+00:00,1.94
2025-10-26 10:15:00+00:00,1.54
2025-10-26 10:30:00+00:00,0.93
2025-10-26 10:45:00+00:00,0.53
2025-10-26 11:00:00+00:00,1.06
2025-10-26 11:15:00+00:00,0.86
2025-10-26 11:30:00+00:00,0.88
2025-10-26 11:45:00+00:00,0.87
2025-10-26 12:00:00+00:00,0.79
2025-10-26 12:15:00+00:00,0.94
2025-10-26 12:30:00+00:00,1.27
2025-10-26 12:45:00+00:00,1.54
2025-10-26 13:00:00+00:00,1.41
2025-10-26 13:15:00+00:00,1.04
2025-10-26 13:30:00+00:00,1.16
2025-10-26 13:45:00+00:00,2.09
2025-10-26 14:00:00+00:00,0.99
2025-10-26 14:15:00+00:00,2.52
2025-10-26 14:30:00+00:00,4.36
2025-10-26 14:45:00+00:00,11.89
2025-10-26 15:00:00+00:00,6.44
2025-10-26 15:15:00+00:00,11.82
2025-10-26 15:30:00+00:00,17.59
2025-10-26 15:45:00+00:00,31.68
2025-10-26 16:00:00+00:00,19.8
2025-10-26 16:15:00+00:00,34.94
2025-10-26 16:30:00+00:00,53.56
2025-10-26 16:45:00+00:00,67.31
2025-10-26 17:00:00+00:00,61.12
2025-10-26 17:15:00+00:00,68.71
2025-10-26 17:30:00+00:00,75.61
2025-10-26 17:45:00+00:00,58.12
2025-10-26 18:00:00+00:00,71.28
2025-10-26 18:15:00+00:00,58.79
2025-10-26 18:30:00+00:00,51.12
2025-10-26 18:45:00+00:00,42.83
2025-10-26 19:00:00+00:00,57.59
2025-10-26 19:15:00+00:00,37.28
2025-10-26 19:30:00+00:00,24.22
2025-10-26 19:45:00+00:00,15.93
2025-10-26 20:00:00+00:00,25.34
2025-10-26 20:15:00+00:00,15.76
2025-10-26 20:30:00+00:00,12.43
2025-10-26 20:45:00+00:00,8.28
2025-10-26 21:00:00+00:00,16.68
2025-10-26 21:15:00+00:00,12.74
2025-10-26 21:30:00+00:00,21.98
2025-10-26 21:45:00+00:00,11.44
2025-10-26 22:00:00+00:00,12.65
2025-10-26 22:15:00+00:00,8.52
2025-10-26 22:30:00+00:00,5.71
2025-10-26 22:45:00+00:00,3.38
2025-10-26 23:00:00+00:00,3.92
2025-10-26 23:15:00+00:00,3.08
2025-10-26 23:30:00+00:00,0.74
2025-10-26 23:45:00+00:00,0.2
2025-10-27 00:00:00+00:00,2.19
2025-10-27 00:15:00+00:00,1.18
2025-10-27 00:30:00+00:00,0.42
2025-10-27 00:45:00+00:00,0.17
2025-10-27 01:00:00+00:00,1.76
2025-10-27 01:15:00+00:00,0.89
2025-10-27 01:30:00+00:00,-0.27
2025-10-27 01:45:00+00:00,-1.23
2025-10-27 02:00:00+00:00,0.21
2025-10-27 02:15:00+00:00,0.24
2025-10-27 02:30:00+00:00,0.25
2025-10-27 02:45:00+00:00,0.25
2025-10-27 03:00:00+00:00,0.12
2025-10-27 03:15:00+00:00,-0.74
2025-10-27 03:30:00+00:00,0.55
2025-10-27 03:45:00+00:00,1.24
2025-10-27 04:00:00+00:00,4.6
2025-10-27 04:15:00+00:00,2.51
2025-10-27 04:30:00+00:00,6.1
2025-10-27 04:45:00+00:00,14.62
2025-10-27 05:00:00+00:00,9.95
2025-10-27 05:15:00+00:00,22.84
2025-10-27 05:30:00+00:00,44.92
2025-10-27 05:45:00+00:00,61.83
2025-10-27 06:00:00+00:00,63.39
2025-10-27 06:15:00+00:00,72.68
2025-10-27 06:30:00+00:00,67.12
2025-10-27 06:45:00+00:00,54.49
2025-10-27 07:00:00+00:00,90.35
2025-10-27 07:15:00+00:00,89.87
2025-10-27 07:30:00+00:00,93.88
2025-10-27 07:45:00+00:00,86.52
2025-10-27 08:00:00+00:00,97.6
2025-10-27 08:15:00+00:00,96.97
2025-10-27 08:30:00+00:00,92.33
2025-10-27 08:45:00+00:00,72.13
2025-10-27 09:00:00+00:00,94.26
2025-10-27 09:15:00+00:00,85.93
2025-10-27 09:30:00+00:00,78.19
2025-10-27 09:45:00+00:00,71.88
2025-10-27 10:00:00+00:00,80.13
2025-10-27 10:15:00+00:00,77.37
2025-10-27 10:30:00+00:00,73.16
2025-10-27 10:45:00+00:00,69.75
2025-10-27 11:00:00+00:00,73.39
2025-10-27 11:15:00+00:00,64.03
2025-10-27 11:30:00+00:00,64.59
2025-10-27 11:45:00+00:00,63.81
2025-10-27 12:00:00+00:00,64.02
2025-10-27 12:15:00+00:00,63.18
2025-10-27 12:30:00+00:00,61.73
2025-10-27 12:45:00+00:00,59.98
2025-10-27 13:00:00+00:00,58.01
2025-10-27 13:15:00+00:00,59.76
2025-10-27 13:30:00+00:00,63.35
2025-10-27 13:45:00+00:00,69.98
2025-10-27 14:00:00+00:00,43.18
2025-10-27 14:15:00+00:00,51.44
2025-10-27 14:30:00+00:00,62.91
2025-10-27 14:45:00+00:00,75.33
2025-10-27 15:00:00+00:00,57.84
2025-10-27 15:15:00+00:00,72.0
2025-10-27 15:30:00+00:00,80.86
2025-10-27 15:45:00+00:00,97.07
2025-10-27 16:00:00+00:00,55.07
2025-10-27 16:15:00+00:00,77.79
2025-10-27 16:30:00+00:00,117.54
2025-10-27 16:45:00+00:00,127.13
2025-10-27 17:00:00+00:00,116.37
2025-10-27 17:15:00+00:00,121.7
2025-10-27 17:30:00+00:00,137.23
2025-10-27 17:45:00+00:00,136.65
2025-10-27 18:00:00+00:00,137.54
2025-10-27 18:15:00+00:00,125.8
2025-10-27 18:30:00+00:00,109.24
2025-10-27 18:45:00+00:00,96.8
2025-10-27 19:00:00+00:00,109.08
2025-10-27 19:15:00+00:00,109.94
2025-10-27 19:30:00+00:00,93.81
2025-10-27 19:45:00+00:00,76.7
2025-10-27 20:00:00+00:00,99.99
2025-10-27 20:15:00+00:00,89.23
2025-10-27 20:30:00+00:00,75.18
2025-10-27 20:45:00+00:00,69.16
2025-10-27 21:00:00+00:00,94.18
2025-10-27 21:15:00+00:00,79.94
2025-10-27 21:30:00+00:00,79.7
2025-10-27 21:45:00+00:00,65.79
2025-10-27 22:00:00+00:00,80.29
2025-10-27 22:15:00+00:00,70.89
2025-10-27 22:30:00+00:00,63.62
2025-10-27 22:45:00+00:00,57.09
2025-10-27 23:00:00+00:00,61.69
2025-10-27 23:15:00+00:00,53.03
2025-10-27 23:30:00+00:00,44.53
2025-10-27 23:45:00+00:00,33.15
2025-10-28 00:00:00+00:00,41.14
2025-10-28 00:15:00+00:00,29.22
2025-10-28 00:30:00+00:00,27.16
2025-10-28 00:45:00+00:00,20.83
2025-10-28 01:00:00+00:00,23.28
2025-10-28 01:15:00+00:00,18.79
2025-10-28 01:30:00+00:00,18.14
2025-10-28 01:45:00+00:00,17.39
2025-10-28 02:00:00+00:00,13.72
