support,zone,label,model,days,first,last,n,mae,rmse,bias
nyx_naive_common,pooled,observed,weekly_naive,343,2025-09-23,2026-08-31,32924,33.64872915654234,51.356503760839054,-1.3474257000971934
nyx_naive_common,pooled,observed,nyx,343,2025-09-23,2026-08-31,32924,11.183354711165308,21.74869290680519,-0.7220027587174284
nyx_naive_common,pooled,observed,chronos,343,2025-09-23,2026-08-31,32924,12.14467638048952,23.202562997370357,-0.5500020309921942
nyx_naive_common,pooled,observed,residual,343,2025-09-23,2026-08-31,32924,11.277601650223398,21.91462951203614,-0.9654098751698238
nyx_naive_common,pooled,frozen_actual,weekly_naive,343,2025-09-23,2026-08-31,32924,33.6497802894545,51.35699896727754,-1.3484768330093546
nyx_naive_common,pooled,frozen_actual,nyx,343,2025-09-23,2026-08-31,32924,11.183045780090149,21.74857893951945,-0.7230538916295897
nyx_naive_common,pooled,frozen_actual,chronos,343,2025-09-23,2026-08-31,32924,12.144332033508595,23.2024701492596,-0.5510531639043555
nyx_naive_common,pooled,frozen_actual,residual,343,2025-09-23,2026-08-31,32924,11.277017709815468,21.914493385750337,-0.9664610080819851
nyx_naive_common,BE,observed,weekly_naive,343,2025-09-23,2026-08-31,8231,31.9051696330944,50.72143001196267,-1.4779384339691413
nyx_naive_common,BE,observed,nyx,343,2025-09-23,2026-08-31,8231,10.903159660405276,23.737213596677208,-0.9883470585681463
nyx_naive_common,BE,observed,chronos,343,2025-09-23,2026-08-31,8231,11.702380506215647,24.85368080607785,-0.7399548969577211
nyx_naive_common,BE,observed,residual,343,2025-09-23,2026-08-31,8231,11.006066310545853,23.88539764311827,-1.329357312936231
nyx_naive_common,BE,frozen_actual,weekly_naive,343,2025-09-23,2026-08-31,8231,31.906300115417324,50.72189009117394,-1.4790689162920663
nyx_naive_common,BE,frozen_actual,nyx,343,2025-09-23,2026-08-31,8231,10.902029178082348,23.736922930095538,-0.9894775408910718
nyx_naive_common,BE,frozen_actual,chronos,343,2025-09-23,2026-08-31,8231,11.701447431255133,24.853506137925386,-0.7410853792806464
nyx_naive_common,BE,frozen_actual,residual,343,2025-09-23,2026-08-31,8231,11.004992118140681,23.885188406406794,-1.3304877952591565
nyx_naive_common,DE,observed,weekly_naive,343,2025-09-23,2026-08-31,8231,35.31679565058924,54.46854789620643,-1.1453031223423646
nyx_naive_common,DE,observed,nyx,343,2025-09-23,2026-08-31,8231,10.877957712282905,21.535751342301246,-0.7619310712363065
nyx_naive_common,DE,observed,chronos,343,2025-09-23,2026-08-31,8231,12.022624079285627,23.416590134176698,-0.975322312048354
nyx_naive_common,DE,observed,residual,343,2025-09-23,2026-08-31,8231,10.958133691548968,21.73155998385499,-1.0468954910127624
nyx_naive_common,DE,frozen_actual,weekly_naive,343,2025-09-23,2026-08-31,8231,35.31789606366177,54.46888283109711,-1.146403535414895
nyx_naive_common,DE,frozen_actual,nyx,343,2025-09-23,2026-08-31,8231,10.876857299210375,21.535433811001404,-0.7630314843088372
nyx_naive_common,DE,frozen_actual,chronos,343,2025-09-23,2026-08-31,8231,12.021523666213097,23.416315283411137,-0.9764227251208846
nyx_naive_common,DE,frozen_actual,residual,343,2025-09-23,2026-08-31,8231,10.957033278476437,21.731281659503704,-1.047995904085293
nyx_naive_common,FR,observed,weekly_naive,343,2025-09-23,2026-08-31,8231,35.166302848985545,48.77668080387256,-1.7031738245656658
nyx_naive_common,FR,observed,nyx,343,2025-09-23,2026-08-31,8231,12.025720649244056,19.091843719382396,-0.32279187000145354
nyx_naive_common,FR,observed,chronos,343,2025-09-23,2026-08-31,8231,12.866087538612076,20.25544177897164,0.21059918375142728
nyx_naive_common,FR,observed,residual,343,2025-09-23,2026-08-31,8231,12.172447263003374,19.339162363909185,-0.46135981228717143
nyx_naive_common,FR,frozen_actual,weekly_naive,343,2025-09-23,2026-08-31,8231,35.16714782529461,48.77745891997241,-1.7040188008747414
nyx_naive_common,FR,frozen_actual,nyx,343,2025-09-23,2026-08-31,8231,12.026405278417151,19.091968421334137,-0.32363684631052897
nyx_naive_common,FR,frozen_actual,chronos,343,2025-09-23,2026-08-31,8231,12.866847849631394,20.255572310464327,0.2097542074423521
nyx_naive_common,FR,frozen_actual,residual,343,2025-09-23,2026-08-31,8231,12.172565427728879,19.339183611861884,-0.4622047885962467
nyx_naive_common,NL,observed,weekly_naive,343,2025-09-23,2026-08-31,8231,32.20664849350018,51.296307386844845,-1.0632874195116029
nyx_naive_common,NL,observed,nyx,343,2025-09-23,2026-08-31,8231,10.926580822728994,22.366943930743982,-0.8149410350638071
nyx_naive_common,NL,observed,chronos,343,2025-09-23,2026-08-31,8231,11.987613397844733,24.023127477579337,-0.6953300987141294
nyx_naive_common,NL,observed,residual,343,2025-09-23,2026-08-31,8231,10.973759335795393,22.455017830316066,-1.0240268844431308
nyx_naive_common,NL,frozen_actual,weekly_naive,343,2025-09-23,2026-08-31,8231,32.2077771534443,51.296740069143524,-1.064416079455716
nyx_naive_common,NL,frozen_actual,nyx,343,2025-09-23,2026-08-31,8231,10.926891364650723,22.367008421679863,-0.8160696950079208
nyx_naive_common,NL,frozen_actual,chronos,343,2025-09-23,2026-08-31,8231,11.987509186934759,24.023107327834868,-0.6964587586582431
nyx_naive_common,NL,frozen_actual,residual,343,2025-09-23,2026-08-31,8231,10.973480014915877,22.454960050484207,-1.0251555443872442
all_models_common,pooled,observed,weekly_naive,343,2025-09-23,2026-08-31,32920,33.6452292299514,51.3547274092964,-1.355177893377886
all_models_common,pooled,observed,nyx,343,2025-09-23,2026-08-31,32920,11.18397425036409,21.749833052496342,-0.721430908560615
all_models_common,pooled,observed,chronos,343,2025-09-23,2026-08-31,32920,12.145080444811574,23.20362949577422,-0.5489972648951095
all_models_common,pooled,observed,residual,343,2025-09-23,2026-08-31,32920,11.277865956829741,21.91563076339477,-0.9644211815604864
all_models_common,pooled,observed,storm,343,2025-09-23,2026-08-31,32920,11.166542554313486,20.7866360942757,-1.8660214660388823
all_models_common,pooled,frozen_actual,weekly_naive,343,2025-09-23,2026-08-31,32920,33.64628049058323,51.35522269303651,-1.3562291540097207
all_models_common,pooled,frozen_actual,nyx,343,2025-09-23,2026-08-31,32920,11.183665281751741,21.7497190773378,-0.7224821691924497
all_models_common,pooled,frozen_actual,chronos,343,2025-09-23,2026-08-31,32920,12.144736055990188,23.203536640649848,-0.550048525526944
all_models_common,pooled,frozen_actual,residual,343,2025-09-23,2026-08-31,32920,11.27728194546915,21.91549462678861,-0.9654724421923209
all_models_common,pooled,frozen_actual,storm,343,2025-09-23,2026-08-31,32920,11.167182441008505,20.786934562637178,-1.867072726670717
all_models_common,BE,observed,weekly_naive,343,2025-09-23,2026-08-31,8230,31.902241038882135,50.720754245495634,-1.4849232989064396
all_models_common,BE,observed,nyx,343,2025-09-23,2026-08-31,8230,10.902750617970806,23.73813454385032,-0.9867333001431755
all_models_common,BE,observed,chronos,343,2025-09-23,2026-08-31,8230,11.701539597110694,24.85434296437129,-0.7377819798808022
all_models_common,BE,observed,residual,343,2025-09-23,2026-08-31,8230,11.005409242144118,23.886163492705943,-1.3275244597231242
all_models_common,BE,observed,storm,343,2025-09-23,2026-08-31,8230,10.68900612782503,23.597447303300985,-2.4924217630619685
all_models_common,BE,frozen_actual,weekly_naive,343,2025-09-23,2026-08-31,8230,31.90337165856622,50.7212143867398,-1.4860539185905222
all_models_common,BE,frozen_actual,nyx,343,2025-09-23,2026-08-31,8230,10.901619998286723,23.737843853228743,-0.9878639198272579
all_models_common,BE,frozen_actual,chronos,343,2025-09-23,2026-08-31,8230,11.700606408775334,24.854168279649436,-0.7389125995648844
all_models_common,BE,frozen_actual,residual,343,2025-09-23,2026-08-31,8230,11.004334919217392,23.885954237280224,-1.3286550794072067
all_models_common,BE,frozen_actual,storm,343,2025-09-23,2026-08-31,8230,10.68853871202916,23.59735514688217,-2.493552382746051
all_models_common,DE,observed,weekly_naive,343,2025-09-23,2026-08-31,8230,35.31147539489672,54.46487773255704,-1.1550537667071692
all_models_common,DE,observed,nyx,343,2025-09-23,2026-08-31,8230,10.879119987203987,21.53705481249702,-0.7621831205902577
all_models_common,DE,observed,chronos,343,2025-09-23,2026-08-31,8230,12.024056377788577,23.41801258402456,-0.975412289558931
all_models_common,DE,observed,residual,343,2025-09-23,2026-08-31,8230,10.95915224901268,21.732861667155838,-1.046709766799619
all_models_common,DE,observed,storm,343,2025-09-23,2026-08-31,8230,11.305219823693804,19.96490022571384,-1.4605113585662215
all_models_common,DE,frozen_actual,weekly_naive,343,2025-09-23,2026-08-31,8230,35.31257594167679,54.465212730716914,-1.1561543134872423
all_models_common,DE,frozen_actual,nyx,343,2025-09-23,2026-08-31,8230,10.878019440423914,21.53673726183503,-0.7632836673703306
all_models_common,DE,frozen_actual,chronos,343,2025-09-23,2026-08-31,8230,12.022955831008506,23.417737716559724,-0.9765128363390038
all_models_common,DE,frozen_actual,residual,343,2025-09-23,2026-08-31,8230,10.95805170223261,21.73258332565846,-1.047810313579692
all_models_common,DE,frozen_actual,storm,343,2025-09-23,2026-08-31,8230,11.306320370473875,19.965378841371248,-1.461611905346294
all_models_common,FR,observed,weekly_naive,343,2025-09-23,2026-08-31,8230,35.16568332320777,48.7776247830207,-1.708273238153098
all_models_common,FR,observed,nyx,343,2025-09-23,2026-08-31,8230,12.026309584460106,19.09283959418527,-0.32195882116170216
all_models_common,FR,observed,chronos,343,2025-09-23,2026-08-31,8230,12.866093298507414,20.256179500689562,0.2121823286826244
all_models_common,FR,observed,residual,343,2025-09-23,2026-08-31,8230,12.172269423430523,19.33975314194167,-0.45975899732541303
all_models_common,FR,observed,storm,343,2025-09-23,2026-08-31,8230,11.844206898420413,18.623129659058474,-2.0172998651275824
all_models_common,FR,frozen_actual,weekly_naive,343,2025-09-23,2026-08-31,8230,35.16652840218712,48.778402978605854,-1.7091183171324424
all_models_common,FR,frozen_actual,nyx,343,2025-09-23,2026-08-31,8230,12.026994296820222,19.092964304783933,-0.32280390014104593
all_models_common,FR,frozen_actual,chronos,343,2025-09-23,2026-08-31,8230,12.866853701909598,20.2563100432882,0.2113372497032807
all_models_common,FR,frozen_actual,residual,343,2025-09-23,2026-08-31,8230,12.172387602513833,19.339774391826996,-0.4606040763047569
all_models_common,FR,frozen_actual,storm,343,2025-09-23,2026-08-31,8230,11.845051977399756,18.623796184139024,-2.0181449441069264
all_models_common,NL,observed,weekly_naive,343,2025-09-23,2026-08-31,8230,32.20151716281896,51.29286121874125,-1.0724612697448366
all_models_common,NL,observed,nyx,343,2025-09-23,2026-08-31,8230,10.927716811821464,22.36829599808889,-0.8148483923473242
all_models_common,NL,observed,chronos,343,2025-09-23,2026-08-31,8230,11.988632505839611,24.024554138804987,-0.6949771188233292
all_models_common,NL,observed,residual,343,2025-09-23,2026-08-31,8230,10.974632912731634,22.456343264088403,-1.0236915023937885
all_models_common,NL,observed,storm,343,2025-09-23,2026-08-31,8230,10.827737367314702,20.641686992842963,-1.4938528773997573
all_models_common,NL,frozen_actual,weekly_naive,343,2025-09-23,2026-08-31,8230,32.202645959902796,51.29329398268703,-1.0735900668286753
all_models_common,NL,frozen_actual,nyx,343,2025-09-23,2026-08-31,8230,10.928027391476109,22.36836049296218,-0.8159771894311638
all_models_common,NL,frozen_actual,chronos,343,2025-09-23,2026-08-31,8230,11.988528282267312,24.024533987808905,-0.6961059159071689
all_models_common,NL,frozen_actual,residual,343,2025-09-23,2026-08-31,8230,10.974353557912766,22.456285480646645,-1.0248202994776283
all_models_common,NL,frozen_actual,storm,343,2025-09-23,2026-08-31,8230,10.828818704131228,20.64193032469415,-1.4949816744835966
