"Path","Size","SHA256"
"chronos2_v1\build_extended_exogenous_inputs.py","11774","b9e6d02109e4cde1f969ea98fa107b6c3ff5d8555fa2a952b92d7006611594c6"
"chronos2_v1\chronos2_hourly_be_autonomous_recipe_v1.json","1610","febefdb4dba22f008567672ea9a0bbec0694662ab2057ee9caf4b81edbbab18d"
"chronos2_v1\chronos2_hourly_be_mkonline_live_v1.yaml","1891","9fa79ae43d9ccad1086fba16728b518109b9c1b47d357f338f7e1e632c3a6f8e"
"chronos2_v1\chronos2_hourly_be_residual_candidate_v1.yaml","5694","ff923d6f3c6fffc5fa2850f84afedf84dc3f533b2294dd87a279e6ab86bf241c"
"chronos2_v1\chronos2_hourly_de_autonomous_recipe_v1.json","1596","e4ccf23df791aebf4287f65a53c2aa7873af4e6234745de57757d4e1e7410dc3"
"chronos2_v1\chronos2_hourly_de_mkonline_live_v1.yaml","1890","6bcc2d8b1a9b5bf77f7d86e9488735dbf3d77d1fb3456b1046e0118f12a7b826"
"chronos2_v1\chronos2_hourly_de_residual_candidate_v1.yaml","5694","dc75d46bf04079f13cdcbe7e875e41293f8448e2d235839c6a180e0527c46297"
"chronos2_v1\chronos2_hourly_es_autonomous_recipe_v1.json","1591","b8d18e684886e93e2fcc4a09bfce69918857d773728e6645c62b5f325cae3802"
"chronos2_v1\chronos2_hourly_es_mkonline_live_v1.yaml","1835","031a22cc8718b6e740991a5060c38e35f0913a7fc61061a979477281d432ccea"
"chronos2_v1\chronos2_hourly_es_residual_candidate_v1.yaml","5688","6ca1b3a1ee0cfb805adb4a5d896877f2a4a17ab82390bbca0d29f12a70d1cf00"
"chronos2_v1\chronos2_hourly_fr_mkonline_live_v1.yaml","636","83002298d9d6223dd0901600bad37c73b073f3f43b102a549edb1263a543212b"
"chronos2_v1\chronos2_hourly_fr_residual_v1.yaml","6416","f1127f26bcdd8f5c62dd714fa319c024068327fa1284b3d183fa7872bdeaeea2"
"chronos2_v1\chronos2_hourly_live_zones.yaml","7930","0698920f45a3c166dc432585466819dd28fe19a7c941c4209e29a8ce193ace86"
"chronos2_v1\chronos2_hourly_nl_autonomous_recipe_v1.json","1598","7ccb46f26cb6ebab8a49dfbbbf8e88e1eed95cee2aa023a77b6c00bde2cf7b83"
"chronos2_v1\chronos2_hourly_nl_mkonline_live_v1.yaml","2111","4175b62555e02507aac3c73ea6786a346705ecc2f3ca68d22022b37785cfb104"
"chronos2_v1\chronos2_hourly_nl_residual_candidate_v1.yaml","5726","69b0fbed1d04de7a44e947a05d4fe94a41650181d7e80f187016e50902188cd6"
"chronos2_v1\chronos2_hourly\__init__.py","811","7e97078b2df19a7bdbb90c1e092f7f0f4995c837610d0edf2f443f7ee7494e6f"
"chronos2_v1\chronos2_hourly\__pycache__\__init__.cpython-311.pyc","894","86ff08fd342fefbda2536bbeb8533e98d4fdb40dc7aa094661620cde7bd16dc7"
"chronos2_v1\chronos2_hourly\__pycache__\app_service.cpython-311.pyc","91396","83f161d799b9d7d9833d3877305a4f63dafb7bc7776eed9d56dc6b1dc56ce540"
"chronos2_v1\chronos2_hourly\__pycache__\chronos_adapter.cpython-311.pyc","38739","2ebf2c39acb964eb902ab9ee3bd31b502d727f615c748081f3f44d1ee69faf2b"
"chronos2_v1\chronos2_hourly\__pycache__\consolidated_report.cpython-311.pyc","66137","ac86eca7f8f019f44f9cfd3908a05a37ed146ba06e2336ad51290608de97908a"
"chronos2_v1\chronos2_hourly\__pycache__\experiment_contract.cpython-311.pyc","30273","541de35bc81072478eb3a968feeea37bf3d392949bcef46adf6e561c6d4c6edb"
"chronos2_v1\chronos2_hourly\__pycache__\features.cpython-311.pyc","22734","ffc967efd29275b1d3d218a21796b2e492369c1b2b5e5ff637d93b536c9819e5"
"chronos2_v1\chronos2_hourly\__pycache__\fundamental_features.cpython-311.pyc","18213","74ce716904e778d64fd52489afb86b0f69aa38e6d15e55cbd96723d5cbb2b727"
"chronos2_v1\chronos2_hourly\__pycache__\hourly_contract.cpython-311.pyc","21546","e015956e20062443f1ddb1723cf0a659ba9356ea6ddcc2e8b67f5068e6b268ab"
"chronos2_v1\chronos2_hourly\__pycache__\live_history.cpython-311.pyc","51258","ab290aa6e0077a9b00e2fcdaec55ee7c56bce50d9307e236db1b2ee5d145b9bd"
"chronos2_v1\chronos2_hourly\__pycache__\multizone_contract.cpython-311.pyc","60991","118ac89cd0cde1cdfb702bea30e65b70fe3994899c6a692430935de9fd620093"
"chronos2_v1\chronos2_hourly\__pycache__\multizone_live.cpython-311.pyc","98894","b86ad3f183829c410fb2811ee8796580d7b6be0e75b7a634aade6e6d5112d630"
"chronos2_v1\chronos2_hourly\__pycache__\oof_pipeline.cpython-311.pyc","48141","d570ea95380e32a2f73946ac1eebfdf26e3e4aa1473b1198adfc0a78867e80c0"
"chronos2_v1\chronos2_hourly\__pycache__\reporting.cpython-311.pyc","33339","959121d65db4a32f07761d377fb2de4b082fb48e3dc923bc590d6eeda17c2030"
"chronos2_v1\chronos2_hourly\__pycache__\rolling_capture.cpython-311.pyc","69100","694f18b7b3855864c7c791f837c5521dc0b71fd4ea385ff6c6d07683ac39c21f"
"chronos2_v1\chronos2_hourly\__pycache__\storm_dashboard.cpython-311.pyc","52482","fa735df9ec06da0bb173eae40d8e4d9351ab6b26ba9faf73fe8df252f090ca74"
"chronos2_v1\chronos2_hourly\__pycache__\topology_context.cpython-311.pyc","19459","d7592a8d2eba20b100785cc8272641ae1b029c749ee56d387cdb9bf70f36a7fd"
"chronos2_v1\chronos2_hourly\__pycache__\topology_contract.cpython-311.pyc","66306","a89716509c09b8b52fb23866aa4102e0e601dd731d49e3cab0c7fe4c10ce839d"
"chronos2_v1\chronos2_hourly\__pycache__\topology_report.cpython-311.pyc","64876","2bb46e60ae3376bcda53502a9e7e069a884ff8c243807ee4568d310d2cd3c117"
"chronos2_v1\chronos2_hourly\__pycache__\zone_live.cpython-311.pyc","41031","5503a8111ab9b07caa03c429246e4e13ae36323c1a964c86c96075d3e550d5da"
"chronos2_v1\chronos2_hourly\app_service.py","64958","4ae6fa82ec5c88d2f82d34bc8eabec3f86a854fe2958fd0888d94520feb858a5"
"chronos2_v1\chronos2_hourly\chronos_adapter.py","28491","66ec9ec04f008f1083be6a613b5ff322868ae7bd398cb8f8638b932d30349305"
"chronos2_v1\chronos2_hourly\consolidated_report.py","51375","bef1c06f61011d5b24570019ebb1504fc65ba5fc3573b10414c04e2c6632bb6b"
"chronos2_v1\chronos2_hourly\experiment_contract.py","20659","5a30f3067e75c5e771fc36c75f74678586ba387f22c1999cbb4f72a535ba2b32"
"chronos2_v1\chronos2_hourly\features.py","17014","03f94db2083c6c0ee06e5477921edfd25785cc3344b976a6714958a8de7bbe9e"
"chronos2_v1\chronos2_hourly\fundamental_features.py","14104","210946f4f3e60dff567f2629e263937a46893cc04d5b1406963a63e4156eb8d5"
"chronos2_v1\chronos2_hourly\hourly_contract.py","15141","fdfe907a4a1a410935072ebc99076cad000d4171a7f31135c14931448decee5d"
"chronos2_v1\chronos2_hourly\live_history.py","36971","8a9d5d27b9c82c46f049ea80eba4995ad1c028bdbf1fa91bca7399a85d4577ba"
"chronos2_v1\chronos2_hourly\models\__init__.py","1007","9562000508b0aff9072e47c751793beb42b4b9261c286f30c6c69b7f4b35ba13"
"chronos2_v1\chronos2_hourly\models\__pycache__\__init__.cpython-311.pyc","1164","a19dc4bad41787983d03b358f25d968732ab458a5d99dc41a5dbc4a64332121b"
"chronos2_v1\chronos2_hourly\models\__pycache__\base.cpython-311.pyc","13639","98b6777c0b4ea8bd59987d7f2d11cfb0ca997cca6c2d8c2e46c3e6644d57fcfd"
"chronos2_v1\chronos2_hourly\models\__pycache__\blended_residual_corrector.cpython-311.pyc","9154","0708f0154f389bb4b42cf0ad913569c679aceea08cb4a7187f7619ed796a161c"
"chronos2_v1\chronos2_hourly\models\__pycache__\calibration.cpython-311.pyc","10320","57611a61a21f7e5f473590960a57f6e9aebf365068570af8f0333db267ae269e"
"chronos2_v1\chronos2_hourly\models\__pycache__\catboost_hourly.cpython-311.pyc","9836","6bc9f60a284cdbc046a1c30fd3ca123e0c886dd927730830e660c488f2c3930d"
"chronos2_v1\chronos2_hourly\models\__pycache__\ensemble.cpython-311.pyc","14748","6709ba1ca3e0a2877a57a40ae60de108d233110cf2576fb72adab3eb31cf962d"
"chronos2_v1\chronos2_hourly\models\__pycache__\lear.cpython-311.pyc","8627","1220cff096b4c8c65cd5c45d504df6d0efc293fa6239c9725ab55cc94bf0e804"
"chronos2_v1\chronos2_hourly\models\__pycache__\residual_corrector.cpython-311.pyc","71171","551689b01d925f173c19405eb6301264a6c18e95dfb8e6b70e8c37fc4dbab619"
"chronos2_v1\chronos2_hourly\models\__pycache__\topology_residual_corrector.cpython-311.pyc","31930","6b3a5cc03073ffef7bee1c487af6fdd5a582c20fa3ed7c8b672a98c2107e1c88"
"chronos2_v1\chronos2_hourly\models\base.py","8092","1b3c421fe9000d97164af69d5e526dfe789739c052ca39583a64fb46f61a46b8"
"chronos2_v1\chronos2_hourly\models\blended_residual_corrector.py","5885","f7c13868a35b6b254d0c8b553020ab5b1d48fe092d318ba577b3c23168311752"
"chronos2_v1\chronos2_hourly\models\calibration.py","6264","f0f883bcb7cf89d1667bf224c85f116e86fcfbb61699701b6aca011e232b37ed"
"chronos2_v1\chronos2_hourly\models\catboost_hourly.py","7309","d6b9b047fa12a525b385bea7a12855c390bbd396dedfefd7a25599957172c9b9"
"chronos2_v1\chronos2_hourly\models\ensemble.py","9868","8e4af10fca04f7ff78e3be0efd6f18cd0aaed83b32566267d160f46d15c9c6ac"
"chronos2_v1\chronos2_hourly\models\lear.py","5821","138e8a783b8bacc5f2484f0bbc4910c9186ea403506be4cd00e5cb3604ef7de7"
"chronos2_v1\chronos2_hourly\models\residual_corrector.py","51139","5c47036f2ac621215038b8b6451f8fa85d1de486fb356447cc2b90c3ce4a19f9"
"chronos2_v1\chronos2_hourly\models\topology_residual_corrector.py","23066","09cd956259e1b1130398759957645178cb6e8a43aff5e6c34e02d3d28b3a3f75"
"chronos2_v1\chronos2_hourly\multizone_contract.py","50790","70bd5bf0d097174dda36217d6dbc8d9ada9adba49728fac9aab441af26bd7684"
"chronos2_v1\chronos2_hourly\multizone_live.py","84779","42a9d5f607578b49ed098f55ef646382d8b702011596c5445878036d1db6d51e"
"chronos2_v1\chronos2_hourly\oof_pipeline.py","38743","5f3de8ed4fb5c69acddee962f8274137bbcf8f3f9fa17688dd41a8d4e76d4f32"
"chronos2_v1\chronos2_hourly\reporting.py","27800","e8977b162e608e0e98f5f28475611a399ee28b886b386e8dbd9d90a26d435fc5"
"chronos2_v1\chronos2_hourly\rolling_capture.py","54377","df8e9a0007d9abb71e146330169e07b1612bacd6e2595e67488c8c506f5bea94"
"chronos2_v1\chronos2_hourly\storm_dashboard.py","40128","06acfc0eac67ec247cbe16bb3cf1b1fbe23bafac2423e0e90e0fa4fa44ad68c2"
"chronos2_v1\chronos2_hourly\topology_context.py","12638","926239d9fef011454f95b081cccf78e9c3d7b3d88f8d2ea0dff94b60d85ec034"
"chronos2_v1\chronos2_hourly\topology_contract.py","46233","cf8f93251dd29d1a171c81f2a1b47d46994370d53b35c808fd44cb837d7e5381"
"chronos2_v1\chronos2_hourly\topology_report.py","44887","619a78b85c4c1e35a4f75434953e3e9adda78d0dfb273e3d04b8af6d257b71d4"
"chronos2_v1\chronos2_hourly\zone_live.py","31230","7f90396a570835b0b9d48661cca48395baffe833095348f9d6c33e1ce9d07443"
"chronos2_v1\chronos2_modular\__init__.py","65","1a24907828db52cbc8c79dc4c7c8294bd7386db75f8536feb28bec358ad42dcd"
"chronos2_v1\chronos2_modular\__pycache__\__init__.cpython-311.pyc","250","01ad5ab8c6c0103e0992b303a73d255533b7565b0537cc77418a84051b0bc0f2"
"chronos2_v1\chronos2_modular\__pycache__\common.cpython-311.pyc","20489","adb0b3b4c569c16d1ccd32cc24e2489673f0f5dceffcc5c328417ba64c75c58c"
"chronos2_v1\chronos2_modular\__pycache__\data.cpython-311.pyc","49737","b4579c4291408dc2a8232aff0b8e5840a16994143ed6b3167df00a7c687d315a"
"chronos2_v1\chronos2_modular\__pycache__\exogenous_extensions.cpython-311.pyc","20902","0d8ff8c875834e7d159808ec18bf8bcc93756369cde6a46fc69becaafb28d8dc"
"chronos2_v1\chronos2_modular\__pycache__\forecasting.cpython-311.pyc","19145","2d51f8e54312838b8150464892e23c57ba74fbf7827646eeec90436e7e0c52cf"
"chronos2_v1\chronos2_modular\__pycache__\metrics.cpython-311.pyc","11181","78d00b69a17da12c95917697a28860c8ef8066980e43dceaf31784f08b382ecf"
"chronos2_v1\chronos2_modular\__pycache__\report.cpython-311.pyc","83300","23789b2c3e30f6fc89b6599c5865aa269fdf5e79b4244c3b338e4fe39a0ccdbf"
"chronos2_v1\chronos2_modular\__pycache__\saturn.cpython-311.pyc","46970","4a9eb9707f2be5737223900d93e6c93e37776a8526c3716416ec448a4ddab1b1"
"chronos2_v1\chronos2_modular\common.py","12085","777fb87ee9f72cc6d4c199d6b54b8d11d46553dec63005070cf95330b5453b6f"
"chronos2_v1\chronos2_modular\data.py","42425","37542e85c99fc8f2608b0e7f8b062ad172b73b9d760202b045fbff4035f1d9d4"
"chronos2_v1\chronos2_modular\exogenous_extensions.py","12024","3cef50597da1ca232c29d6127b1ec0a8a1984f87db739d1cdd56c8c9bb6cde93"
"chronos2_v1\chronos2_modular\forecasting.py","14838","625ecf37e51ac821ff840ab000f4aad132fdb93146caa48b8433aa24cb4e6e59"
"chronos2_v1\chronos2_modular\metrics.py","6829","032e8140c94eb116b68edf48aeafff7ca12921ff1b3dd9244c5ed149db29164c"
"chronos2_v1\chronos2_modular\report.py","73542","0438b764bf888963ae0aae84de678aff8b0b2cf58047511a7f28a5416d3e5c75"
"chronos2_v1\chronos2_modular\saturn.py","40766","571e8845b39af0c8771dd774ec025e772f3ae27f971279ceb96ea1f7e1b83f78"
"chronos2_v1\data\cache\be\target__b9c1dde640.csv.gz","196553","c5b9dd97a40d584ebd1c20c602f1dda62dfd058bd84bd363d46b91a904467ed1"
"chronos2_v1\data\cache\de\target__48c616a566.csv.gz","196996","00efa665711b95c43799b06cb75d8488eedc05890b3d95b62e33903011f610bb"
"chronos2_v1\data\cache\es\target__d3f2b3bded.csv.gz","182684","21d3a8a7d907a8306ccb53adf6ccfb785013071e3bf640ce05a33048bdca6c7d"
"chronos2_v1\data\cache\fr\target__56a2d24549.csv.gz","194228","fa1f04801a416f74d2f5d17a7788550a0a38400b7657cd2caa3ea7a10f0b46db"
"chronos2_v1\data\cache\fr\target__5dcf0bdf8c.csv.gz","194330","519a1ef74aa5df48d14b1e89852db781f652bcb6e476c643800c1302bbf61489"
"chronos2_v1\data\cache\nl\target__57b345e449.csv.gz","194680","1d3bc90afb0ebdc2f153b28a999c3c0c76de5d5c4ca9d2929c36b1de60f3dc3e"
"chronos2_v1\data\pit\vintages\be_residual_load_fcst.parquet","1734497","a0f50dbf55aaca1c3f676aab6f991689e426a5165a4f273d46a988ad836ea99e"
"chronos2_v1\data\pit\vintages\de_residual_load_fcst.parquet","2073282","bb9e2eda0fc6a92ed4417792be94e65bfe1e10f2913940f7ac67aa0ca728ef56"
"chronos2_v1\data\pit\vintages\es_residual_load_fcst.parquet","1988424","d4e877752ba8a93161bd09857f4ee3b3e2b8aad41c22fe1a647d0c73734eea9b"
"chronos2_v1\data\pit\vintages\fr_price_storm_da_fcst.parquet","33274106","92df2990d65b4c0f87926a840074e900631ef185dc1d90c18f5b7e3e6b13ab50"
"chronos2_v1\data\pit\vintages\fr_residual_load_fcst.parquet","2009827","9ce6061f7ec2fdc2f72ee2c5cb65bf61d72bef40dab21218cdbf8da3310e0d4f"
"chronos2_v1\data\pit\vintages\nl_residual_load_fcst.parquet","2971302","fdf3d1eee2eec3da88fd3bb3545f8bf0bcc958957bedde72ffeda7a306b023ed"
"chronos2_v1\evaluate_hourly_backtest.py","6769","3087d64424c4cdf7cd72b687a285980cea321f1f98ef8d6daac531a520473678"
"chronos2_v1\Forecast.ps1","9679","7e15899e8f8c25e472c31168801969dff27f055bc03d972989d3d5a52cef7f8d"
"chronos2_v1\generate_hourly_html_report.py","2082","14b7b90d38ea58608dad469ce6cc842d56a76de7f76537f5b3e5738a70b84852"
"chronos2_v1\huggingface_cache\LISEZ_MOI.txt","161","5e747b0fa69080a77754fda4f6c574eadbfb797cb3abbfa79ca4fe6639d288be"
"chronos2_v1\LICENSE","1084","ad248b978f581d1e0439c12c2aa0a2df73ed486dee38076b758f5132002fdfea"
"chronos2_v1\materialize_saturn_daily_asof.py","7756","418dc5791ce9365373d03fef43cc6a1e40987b29fe35abba4cf825b63db28e6b"
"chronos2_v1\mkonline_es_primary_dependency_v1.json","1157","b97e45ce2a09801d74b05a7e73974c7d2b7b824bfb993778a04eec5c68f390fa"
"chronos2_v1\mkonline_fr_blend_recipe_v1.json","3533","9fa7f86a4550b64dd490e48297abd8a7eabd360925f39c75cbdb4654c84f8543"
"chronos2_v1\mkonline_fr_primary_dependency_v1.json","1777","2dae7a579aee1c1f8bb2e96b70e6e0224a7e8b133e5a9e5f836dee5a646f53cc"
"chronos2_v1\mkonline_nl_blend_recipe_v1.json","3588","de691832431b15acacc5336a6ae2587a677c899cc7c7e1ac87b81e986c4fc6f3"
"chronos2_v1\mkonline_nl_primary_dependency_v1.json","976","6c6fb39ab017d14268948d9e7b29bad5b93dfc92903ccd54347bb46743b682f6"
"chronos2_v1\requirements_hourly.txt","198","4f25a62ee6a94a61d3123d4abeee36007c523d5dfdef7566274d92d6bd7a991e"
"chronos2_v1\requirements_transfer.txt","47","10934940b7f23f004c6f4514e67653f90e269264c3fa00d142fe87b57bf70aea"
"chronos2_v1\requirements.txt","158","1d0ec39e7666cbac53310a985d682d62d0032d1a6fe05ce58786a6063ae1b5c2"
"chronos2_v1\run_chronos2_hourly.py","43942","0bdd253e7350efa6ea936c00aea51dbc2ee94fc8abbacb0f2ba95ef4b0aeaa82"
"chronos2_v1\run_extended_residual_hourly.py","38503","0a417f16359404a00f945e9fd0113492f61e42d889dfccab40114d459ad61e2c"
"chronos2_v1\run_input_experiment.py","7879","90fc17f5327ea909b32a495cccae8cfb67e68eef0cf518600461b4491b6e33aa"
"chronos2_v1\run_mkonline_blend_hourly.py","37905","09618e015d965f1da86e6a7e946609c19f8f05eccadb7972a35cefdd921aa3c0"
"chronos2_v1\run_mkonline_live_hourly.py","64607","0adea37201942659a57d6ef4fa2456ea57a078944269d6501846bcbb67a07b75"
"chronos2_v1\run_mkonline_live_model.py","3305","f277cbd4cb1b50ee9dff1c14fc8f4698e6e9761428189c6965071698a670b58d"
"chronos2_v1\run_mkonline_live_zone.py","3320","23c0e54d694c6aa55191eb18a87abc8d959f7913ed398805fb6f8aade5deee23"
"chronos2_v1\run_multicountry_forecast.py","33326","44d1af8fd49e1058fa795ad11d860af8f4f77652d7e9d9ea683bcd6e8ded211d"
"chronos2_v1\run_statistics_backfill.py","20138","d8c6f3f76e695b7208342393fd95416fe5e30f9290c46d34ada767479c04a18d"
"chronos2_v1\run_topology_experiment.py","47957","7dfebe06fbf7e2b4da7a313ea31bb729766a2be1794df35242c2fd9d330dabee"
"chronos2_v1\runs\chronos2_hourly_be_residual_extended_v1\artifact_checksums.json","11662","d0428e1f155d874768726690f895d043b9135ae835041de2350d1eb8e69d8cce"
"chronos2_v1\runs\chronos2_hourly_be_residual_extended_v1\backtest_hourly_oof.csv.gz","2500492","9beaddc0ed3ecbf43ab5a7243be5115c85c226131034bd4442a144abd0a6a957"
"chronos2_v1\runs\chronos2_hourly_be_residual_extended_v1\chronos_live_hourly.csv","2037","ce93c9b2df09055da2c53a7d90da35eaf558fe70254325056414aca6ed67ddf6"
"chronos2_v1\runs\chronos2_hourly_be_residual_extended_v1\chronos_oof_hourly.csv.gz","395972","5c4c3899b711fd0f9077d6eeace91ac6eb2f9db26635b3d67056844346d7bb82"
"chronos2_v1\runs\chronos2_hourly_be_residual_extended_v1\chronos2_hourly_be_residual_extended_v1.html","9062781","ef89483233e7acb8a43df16013a1b2a1b0ca82594c174ff739c42eb635b0fa88"
"chronos2_v1\runs\chronos2_hourly_be_residual_extended_v1\ensemble_weights.csv","102","b4323d3d547b16db499356c4afbe0f9d64a0df67489290f2c965adfa729c39c2"
"chronos2_v1\runs\chronos2_hourly_be_residual_extended_v1\evaluation_by_day.csv","39564","a2e9beb711b891df2245e07bbdf7516bf76d85718244b8909a8a834eb824ebec"
"chronos2_v1\runs\chronos2_hourly_be_residual_extended_v1\evaluation_by_hour.csv","1615","2b2c87b71c3e5acbbc67409bbe630d91a8b5cf1d442e57be2432098d57caf6c5"
"chronos2_v1\runs\chronos2_hourly_be_residual_extended_v1\evaluation_by_month.csv","964","e382539579217d1ea9a9e746ab025d399f133dcfdeec578ee4694c3b21bcae12"
"chronos2_v1\runs\chronos2_hourly_be_residual_extended_v1\evaluation_summary.json","579","26db8cc914e420cf4178c50d50f3ad37263f229dafde916ba5be1812aade0692"
"chronos2_v1\runs\chronos2_hourly_be_residual_extended_v1\extended_residual_recipe.json","1177","3747732c1b841646f1f02c6d5d75eae59969a84ae9f19a303a1d7a9e1f9e2b97"
"chronos2_v1\runs\chronos2_hourly_be_residual_extended_v1\feature_manifest.csv","1472","36da2f4e0657bb9ed54a40b4a2b4d95f96f5e7dc3afe15fd30475dd788bbc827"
"chronos2_v1\runs\chronos2_hourly_be_residual_extended_v1\forecast_hourly_be.csv","10785","dfc439c0c6e438d2191065553000e5b498a87a627597c7cfbe985584d7592f6a"
"chronos2_v1\runs\chronos2_hourly_be_residual_extended_v1\inputs\aligned_inputs.csv.gz","728384","28f9b8564eea56a7f013f602c03afddecb8b84a9a9ba39aa977e5e40cdb3926d"
"chronos2_v1\runs\chronos2_hourly_be_residual_extended_v1\inputs\chronos_oof_extended.csv.gz","120401","ec305a6a4cc914eff0f197952c3520b8af1418ab7ce48331b9618e71848e773e"
"chronos2_v1\runs\chronos2_hourly_be_residual_extended_v1\inputs\future_input_coverage.csv","510","dab88c1c6854ab3f8819a375994ce85e58bf75e31fd213b241eda0bc266edcc7"
"chronos2_v1\runs\chronos2_hourly_be_residual_extended_v1\inputs\input_coverage.csv","609","5a401070ae02906a4e92e491b832fc54bde67c9683c55092a9de8923c7e3c482"
"chronos2_v1\runs\chronos2_hourly_be_residual_extended_v1\inputs\input_manifest.csv","734","83abeadfe9fe3c1324301094a74bc6445965c22fff4ddebc8ba3d494dad39f78"
"chronos2_v1\runs\chronos2_hourly_be_residual_extended_v1\inputs\model_covariates_with_future.csv.gz","861433","71af8a84acf31d02fdcbc0c32bb6bf37cadd0782711c7ee6dfddcc6baffb16ce"
"chronos2_v1\runs\chronos2_hourly_be_residual_extended_v1\metrics_hourly.csv","304","17c08a2b9b7fc7c5042a83b73eec0e3d6c4f5103b3f254f9ca24da2059a1c195"
"chronos2_v1\runs\chronos2_hourly_be_residual_extended_v1\metrics_hourly.json","3680","2407fc9d9df25dc02126446ea135411df71b7db53ab4bd0e3f6b833627f9b3d8"
"chronos2_v1\runs\chronos2_hourly_be_residual_extended_v1\pit_feature_coverage_by_hour.csv","23498","17f15bd437344d61becc883d8842811be562a43b539cf464dd15239d7f69a147"
"chronos2_v1\runs\chronos2_hourly_be_residual_extended_v1\pit_feature_coverage_summary.csv","1550","f54606882d3c1b0f09493a793956879dc6544597eb6b287798b2071605bc0696"
"chronos2_v1\runs\chronos2_hourly_be_residual_extended_v1\residual_feature_importance.csv","10707","3a9098ac79d644ba7f293c7e14f15b8f64c1d56e24fd227fd3210e412c80cf14"
"chronos2_v1\runs\chronos2_hourly_be_residual_extended_v1\run_manifest.json","8688","c1c4e0a542499bb4cb02ea0ba203cb0425e2c3f056030ef36fba3379bbe69087"
"chronos2_v1\runs\chronos2_hourly_be_sealed_benchmark_v1\artifact_checksums.json","8638","c87ce9547be361df2859534b10a7b8116c55a65ee40a7dbdf3a45d85e684be99"
"chronos2_v1\runs\chronos2_hourly_be_sealed_benchmark_v1\backtest_hourly_oof.csv.gz","2498234","52bf3296e1ac47e093e85df49040c15809d23cb96217433bd64e7404c60b935b"
"chronos2_v1\runs\chronos2_hourly_be_sealed_benchmark_v1\chronos_live_hourly.csv","2037","ce93c9b2df09055da2c53a7d90da35eaf558fe70254325056414aca6ed67ddf6"
"chronos2_v1\runs\chronos2_hourly_be_sealed_benchmark_v1\chronos_oof_hourly.csv.gz","395972","5c4c3899b711fd0f9077d6eeace91ac6eb2f9db26635b3d67056844346d7bb82"
"chronos2_v1\runs\chronos2_hourly_be_sealed_benchmark_v1\chronos2_hourly_be_sealed_benchmark_v1.html","11238879","086862e01fa3765c3ba8ad40c15356064bdab5778784619007d565e350eddc4d"
"chronos2_v1\runs\chronos2_hourly_be_sealed_benchmark_v1\ensemble_weights.csv","102","b4323d3d547b16db499356c4afbe0f9d64a0df67489290f2c965adfa729c39c2"
"chronos2_v1\runs\chronos2_hourly_be_sealed_benchmark_v1\evaluation_by_day.csv","39578","1bf1fa4eab3a5c8dc41b4ecb1af808b7c78b4a4b8f4cf1dabe339a6b78ab61bb"
"chronos2_v1\runs\chronos2_hourly_be_sealed_benchmark_v1\evaluation_by_hour.csv","1617","dcd06b3b9aeb12358681a9a78b4e43aff2725cfa5b9f43378ed27bc51cd2cd65"
"chronos2_v1\runs\chronos2_hourly_be_sealed_benchmark_v1\evaluation_by_month.csv","963","73af39ffdf42a39909bcb97fa8bc2889dad128c35e3700dc556b8c37d06ba803"
"chronos2_v1\runs\chronos2_hourly_be_sealed_benchmark_v1\evaluation_summary.json","579","4b060a48de5fae75c7bc3fa08adf6e29628e3f9101faaf28c0220ccba79b8e19"
"chronos2_v1\runs\chronos2_hourly_be_sealed_benchmark_v1\evaluation_vs_storm_by_day.csv","25780","347974ae3433c85492f43820f1bd386b4a6f43d3e3551921bc87422e238b5b43"
"chronos2_v1\runs\chronos2_hourly_be_sealed_benchmark_v1\evaluation_vs_storm_by_hour.csv","1592","f6a3393c6315b7c3643cb86c64b5b92d60740b0d7b4a2fcb1967693bc5be0428"
"chronos2_v1\runs\chronos2_hourly_be_sealed_benchmark_v1\evaluation_vs_storm_by_month.csv","954","d7f6e0136acf0761a1c8a8a3a88a7ee0c5a2d7c9e40ddc409a7eb4b5c055dd93"
"chronos2_v1\runs\chronos2_hourly_be_sealed_benchmark_v1\evaluation_vs_storm_summary.json","535","367669848284c1f5bf09f2dbb066c2ef804df0cc4e907dda8e368f5a4c377d00"
"chronos2_v1\runs\chronos2_hourly_be_sealed_benchmark_v1\extended_residual_recipe.json","1177","3747732c1b841646f1f02c6d5d75eae59969a84ae9f19a303a1d7a9e1f9e2b97"
"chronos2_v1\runs\chronos2_hourly_be_sealed_benchmark_v1\feature_manifest.csv","1472","36da2f4e0657bb9ed54a40b4a2b4d95f96f5e7dc3afe15fd30475dd788bbc827"
"chronos2_v1\runs\chronos2_hourly_be_sealed_benchmark_v1\forecast_hourly_be.csv","10765","e35ed3907ef77b810197c954a5129e0f6d84b3d824349aab92ee3223096b2a93"
"chronos2_v1\runs\chronos2_hourly_be_sealed_benchmark_v1\inputs\aligned_inputs.csv.gz","728384","28f9b8564eea56a7f013f602c03afddecb8b84a9a9ba39aa977e5e40cdb3926d"
"chronos2_v1\runs\chronos2_hourly_be_sealed_benchmark_v1\inputs\chronos_oof_extended.csv.gz","120401","ec305a6a4cc914eff0f197952c3520b8af1418ab7ce48331b9618e71848e773e"
"chronos2_v1\runs\chronos2_hourly_be_sealed_benchmark_v1\inputs\future_input_coverage.csv","510","dab88c1c6854ab3f8819a375994ce85e58bf75e31fd213b241eda0bc266edcc7"
"chronos2_v1\runs\chronos2_hourly_be_sealed_benchmark_v1\inputs\input_coverage.csv","609","5a401070ae02906a4e92e491b832fc54bde67c9683c55092a9de8923c7e3c482"
"chronos2_v1\runs\chronos2_hourly_be_sealed_benchmark_v1\inputs\input_manifest.csv","734","83abeadfe9fe3c1324301094a74bc6445965c22fff4ddebc8ba3d494dad39f78"
"chronos2_v1\runs\chronos2_hourly_be_sealed_benchmark_v1\inputs\model_covariates_with_future.csv.gz","861433","71af8a84acf31d02fdcbc0c32bb6bf37cadd0782711c7ee6dfddcc6baffb16ce"
"chronos2_v1\runs\chronos2_hourly_be_sealed_benchmark_v1\inputs\storm_dashboard_official_statistics.parquet","163764","37a91ac8717798a252cf2eac3a6233fc9ac0d93358ad7f26d51d140b23784985"
"chronos2_v1\runs\chronos2_hourly_be_sealed_benchmark_v1\metrics_hourly.csv","304","df9e255f3499f14b7e92e2815007dca2f233d266aab0634ec5e9e3dc65b5d356"
"chronos2_v1\runs\chronos2_hourly_be_sealed_benchmark_v1\metrics_hourly.json","7156","c6b48db85ec2d5d65f2b2e1644c6ac8c71bc48bca9cf2f5f6d95b4e134172f01"
"chronos2_v1\runs\chronos2_hourly_be_sealed_benchmark_v1\pit_feature_coverage_by_hour.csv","23498","17f15bd437344d61becc883d8842811be562a43b539cf464dd15239d7f69a147"
"chronos2_v1\runs\chronos2_hourly_be_sealed_benchmark_v1\pit_feature_coverage_summary.csv","1550","f54606882d3c1b0f09493a793956879dc6544597eb6b287798b2071605bc0696"
"chronos2_v1\runs\chronos2_hourly_be_sealed_benchmark_v1\residual_feature_importance.csv","10707","3a9098ac79d644ba7f293c7e14f15b8f64c1d56e24fd227fd3210e412c80cf14"
"chronos2_v1\runs\chronos2_hourly_be_sealed_benchmark_v1\run_manifest.json","9080","f4b25d35ed9839f0ce7d420c5fabeba1b3a1287339a1b9859846b0d0bb294590"
"chronos2_v1\runs\chronos2_hourly_be_sealed_benchmark_v1\statistics_history_audit.json","4493","8355045124f1733c6bcef8e0d6b8248a8bcb8e4094e9bee6a5e5244043914980"
"chronos2_v1\runs\chronos2_hourly_be_sealed_benchmark_v1\statistics_history_hourly.csv.gz","1402676","fa51f450170a63e6b7d63322fdd96c1753052c77801fb62b76865995176fb5bc"
"chronos2_v1\runs\chronos2_hourly_be_sealed_benchmark_v1\zone_benchmark_recipe.json","1610","febefdb4dba22f008567672ea9a0bbec0694662ab2057ee9caf4b81edbbab18d"
"chronos2_v1\runs\chronos2_hourly_be_sealed_benchmark_v1\zone_live_recipe.json","1729","96744987ba605ea29b843668bd3974c45fb30727b7ab058f084ed703be372815"
"chronos2_v1\runs\chronos2_hourly_de_residual_extended_v1\artifact_checksums.json","11662","fddf4d1e4961f4228777c0d0d3ddc5f12ea8de0f83f13ed1eb2a54e8f0224ddc"
"chronos2_v1\runs\chronos2_hourly_de_residual_extended_v1\backtest_hourly_oof.csv.gz","2505403","4d4d888bcafb1a0adcc49aa2aca82327b3d8470f9174b7e6e9779d7e28fd9eab"
"chronos2_v1\runs\chronos2_hourly_de_residual_extended_v1\chronos_live_hourly.csv","2038","d12ab6d654a5bc8c8c6c225a970208472205e3c571d7466583699bcb98ec62b9"
"chronos2_v1\runs\chronos2_hourly_de_residual_extended_v1\chronos_oof_hourly.csv.gz","396391","6c3953e98b7ed1c704266ad36b2b0aeebee9122f9bdc20d3cd9f303b6f8b517b"
"chronos2_v1\runs\chronos2_hourly_de_residual_extended_v1\chronos2_hourly_de_residual_extended_v1.html","9070729","705ccb7cfffc02e438b5add7f73edec0a1d97d7bd2c9bb3a8b6f2c75ff620779"
"chronos2_v1\runs\chronos2_hourly_de_residual_extended_v1\ensemble_weights.csv","102","f8447857419723e02680e3d1c2d2fdd2135ea7e0016b48938463110dc7633bcb"
"chronos2_v1\runs\chronos2_hourly_de_residual_extended_v1\evaluation_by_day.csv","39501","d7ca4a812e0127d1e0cb68ee2a0c226c4a596d6ba514c9a26339418cd173f368"
"chronos2_v1\runs\chronos2_hourly_de_residual_extended_v1\evaluation_by_hour.csv","1610","88779d1765f905c87a33f990b62e3e5499c6988bcf1086800dc95f00bf811388"
"chronos2_v1\runs\chronos2_hourly_de_residual_extended_v1\evaluation_by_month.csv","968","e8b7bf83cb396b1e17cc680e3ac200d1c1ce015f9ac9285dc06ef3c83ece0bdd"
"chronos2_v1\runs\chronos2_hourly_de_residual_extended_v1\evaluation_summary.json","573","c4fde13896197405b4b51880be8211c35798a8ef863295a4e40bcfc9f410cc22"
"chronos2_v1\runs\chronos2_hourly_de_residual_extended_v1\extended_residual_recipe.json","1177","3747732c1b841646f1f02c6d5d75eae59969a84ae9f19a303a1d7a9e1f9e2b97"
"chronos2_v1\runs\chronos2_hourly_de_residual_extended_v1\feature_manifest.csv","1472","36da2f4e0657bb9ed54a40b4a2b4d95f96f5e7dc3afe15fd30475dd788bbc827"
"chronos2_v1\runs\chronos2_hourly_de_residual_extended_v1\forecast_hourly_de.csv","10824","6aac48b1140cdcbb99f1d09c5c34239f6f5c580f91873b36833587f4ab8d97f1"
"chronos2_v1\runs\chronos2_hourly_de_residual_extended_v1\inputs\aligned_inputs.csv.gz","728563","deae73dce367bf2556857a1d4de9363a99215e0178c9915337fe4e38c45b2aa0"
"chronos2_v1\runs\chronos2_hourly_de_residual_extended_v1\inputs\chronos_oof_extended.csv.gz","120257","ccd7e0f2e8c4f9725781dff2aaf9b7cf5126b27ea2f29953b4682c7d7c99700e"
"chronos2_v1\runs\chronos2_hourly_de_residual_extended_v1\inputs\future_input_coverage.csv","510","f7d07d2608718b2e6900880484e0f45ab1dc4df90c73beb94bf1df2e9c0e27aa"
"chronos2_v1\runs\chronos2_hourly_de_residual_extended_v1\inputs\input_coverage.csv","609","3b1fe33b8512d3327c026e2443695b4e916a9b68523f2016fe5f61cc63b3686d"
"chronos2_v1\runs\chronos2_hourly_de_residual_extended_v1\inputs\input_manifest.csv","740","aa6b0c67713cfb09bd8cba8ffb1051a27c9c5b5a5a18b99a5ef14a416d967c94"
"chronos2_v1\runs\chronos2_hourly_de_residual_extended_v1\inputs\model_covariates_with_future.csv.gz","861433","798f971d0e53fec800fdfb8eff9c38e8c03c16dc4c63d5fb730925f4b755f0e2"
"chronos2_v1\runs\chronos2_hourly_de_residual_extended_v1\metrics_hourly.csv","306","6d97a7ca8cb650a3ca8e46cf3fd2bda1d02166e65a1bbc0e1b6c19aa960c0736"
"chronos2_v1\runs\chronos2_hourly_de_residual_extended_v1\metrics_hourly.json","3681","c90765371ae02189f199e33f16f96ecfa8162005dc32fed1b531c4f1e39c5f7e"
"chronos2_v1\runs\chronos2_hourly_de_residual_extended_v1\pit_feature_coverage_by_hour.csv","23498","17f15bd437344d61becc883d8842811be562a43b539cf464dd15239d7f69a147"
"chronos2_v1\runs\chronos2_hourly_de_residual_extended_v1\pit_feature_coverage_summary.csv","1550","f54606882d3c1b0f09493a793956879dc6544597eb6b287798b2071605bc0696"
"chronos2_v1\runs\chronos2_hourly_de_residual_extended_v1\residual_feature_importance.csv","10762","4649796a4b456dea4583bae1c0915d75338d0cf21935556d88fb43840530301e"
"chronos2_v1\runs\chronos2_hourly_de_residual_extended_v1\run_manifest.json","8689","7ccf5833d83e305f35b6e74a7f2dcfd14c46e6df21ed9fb9d9209951384d1888"
"chronos2_v1\runs\chronos2_hourly_de_sealed_benchmark_v1\artifact_checksums.json","8638","7a2a5ebb7cdd00143e9e5fdc0b3a73b927707eebe66956407ca0294d0f01fffa"
"chronos2_v1\runs\chronos2_hourly_de_sealed_benchmark_v1\backtest_hourly_oof.csv.gz","2503090","ed2babe64f58b7aaf0072cdfecbe3bc972ba97f63feb9b70ed7473f2ad237d5d"
"chronos2_v1\runs\chronos2_hourly_de_sealed_benchmark_v1\chronos_live_hourly.csv","2038","d12ab6d654a5bc8c8c6c225a970208472205e3c571d7466583699bcb98ec62b9"
"chronos2_v1\runs\chronos2_hourly_de_sealed_benchmark_v1\chronos_oof_hourly.csv.gz","396391","6c3953e98b7ed1c704266ad36b2b0aeebee9122f9bdc20d3cd9f303b6f8b517b"
"chronos2_v1\runs\chronos2_hourly_de_sealed_benchmark_v1\chronos2_hourly_de_sealed_benchmark_v1.html","11248786","e9b221100fccb95722cc64df06a13a1c846e8dba799a2f038f9551cc30ddacbf"
"chronos2_v1\runs\chronos2_hourly_de_sealed_benchmark_v1\ensemble_weights.csv","102","f8447857419723e02680e3d1c2d2fdd2135ea7e0016b48938463110dc7633bcb"
"chronos2_v1\runs\chronos2_hourly_de_sealed_benchmark_v1\evaluation_by_day.csv","39526","6c0718e2ffe139ab264db81f94ee9558ace11ee5c28b63d7b1b3bf37e3e87780"
"chronos2_v1\runs\chronos2_hourly_de_sealed_benchmark_v1\evaluation_by_hour.csv","1611","d15f24be6f5687cecbddf6ff4f3642554b47de852ed348aead70bb9dfebe653f"
"chronos2_v1\runs\chronos2_hourly_de_sealed_benchmark_v1\evaluation_by_month.csv","966","93635334296827661fc7945837a4656d46430f2f1390775464ba9fa2c9381f93"
"chronos2_v1\runs\chronos2_hourly_de_sealed_benchmark_v1\evaluation_summary.json","573","c4fde13896197405b4b51880be8211c35798a8ef863295a4e40bcfc9f410cc22"
"chronos2_v1\runs\chronos2_hourly_de_sealed_benchmark_v1\evaluation_vs_storm_by_day.csv","25864","57648784211f7631059d7d7351ef5a85bd6164fd20bd158a1b9085fe7eb082bb"
"chronos2_v1\runs\chronos2_hourly_de_sealed_benchmark_v1\evaluation_vs_storm_by_hour.csv","1591","d99c0b3941797fa3a65ac583049f3a5424efa5576bd2583ff8576084b93defd4"
"chronos2_v1\runs\chronos2_hourly_de_sealed_benchmark_v1\evaluation_vs_storm_by_month.csv","960","e747df44e5cd27de4995fec432b003727c0e30d53ec7827d352e74b475463306"
"chronos2_v1\runs\chronos2_hourly_de_sealed_benchmark_v1\evaluation_vs_storm_summary.json","534","b971d341869ad17f6788b8e880f63ecbe634b170e918cecf39f712ab059d3b5e"
"chronos2_v1\runs\chronos2_hourly_de_sealed_benchmark_v1\extended_residual_recipe.json","1177","3747732c1b841646f1f02c6d5d75eae59969a84ae9f19a303a1d7a9e1f9e2b97"
"chronos2_v1\runs\chronos2_hourly_de_sealed_benchmark_v1\feature_manifest.csv","1472","36da2f4e0657bb9ed54a40b4a2b4d95f96f5e7dc3afe15fd30475dd788bbc827"
"chronos2_v1\runs\chronos2_hourly_de_sealed_benchmark_v1\forecast_hourly_de.csv","10810","68bf32411b57410802147be08cb6f0eb3965ea0a44febe898958489aa693c807"
"chronos2_v1\runs\chronos2_hourly_de_sealed_benchmark_v1\inputs\aligned_inputs.csv.gz","728563","deae73dce367bf2556857a1d4de9363a99215e0178c9915337fe4e38c45b2aa0"
"chronos2_v1\runs\chronos2_hourly_de_sealed_benchmark_v1\inputs\chronos_oof_extended.csv.gz","120257","ccd7e0f2e8c4f9725781dff2aaf9b7cf5126b27ea2f29953b4682c7d7c99700e"
"chronos2_v1\runs\chronos2_hourly_de_sealed_benchmark_v1\inputs\future_input_coverage.csv","510","f7d07d2608718b2e6900880484e0f45ab1dc4df90c73beb94bf1df2e9c0e27aa"
"chronos2_v1\runs\chronos2_hourly_de_sealed_benchmark_v1\inputs\input_coverage.csv","609","3b1fe33b8512d3327c026e2443695b4e916a9b68523f2016fe5f61cc63b3686d"
"chronos2_v1\runs\chronos2_hourly_de_sealed_benchmark_v1\inputs\input_manifest.csv","740","aa6b0c67713cfb09bd8cba8ffb1051a27c9c5b5a5a18b99a5ef14a416d967c94"
"chronos2_v1\runs\chronos2_hourly_de_sealed_benchmark_v1\inputs\model_covariates_with_future.csv.gz","861433","798f971d0e53fec800fdfb8eff9c38e8c03c16dc4c63d5fb730925f4b755f0e2"
"chronos2_v1\runs\chronos2_hourly_de_sealed_benchmark_v1\inputs\storm_dashboard_official_statistics.parquet","155463","b5489d2900ff01f91a3c06142a3e4326b4d4abc0a664a2943760497494fc2e9f"
"chronos2_v1\runs\chronos2_hourly_de_sealed_benchmark_v1\metrics_hourly.csv","306","6d97a7ca8cb650a3ca8e46cf3fd2bda1d02166e65a1bbc0e1b6c19aa960c0736"
"chronos2_v1\runs\chronos2_hourly_de_sealed_benchmark_v1\metrics_hourly.json","7151","83be23c04ab80a1d8abb89adf8cc196b60a0e544f757bb571b79c414596e3f6b"
"chronos2_v1\runs\chronos2_hourly_de_sealed_benchmark_v1\pit_feature_coverage_by_hour.csv","23498","17f15bd437344d61becc883d8842811be562a43b539cf464dd15239d7f69a147"
"chronos2_v1\runs\chronos2_hourly_de_sealed_benchmark_v1\pit_feature_coverage_summary.csv","1550","f54606882d3c1b0f09493a793956879dc6544597eb6b287798b2071605bc0696"
"chronos2_v1\runs\chronos2_hourly_de_sealed_benchmark_v1\residual_feature_importance.csv","10762","4649796a4b456dea4583bae1c0915d75338d0cf21935556d88fb43840530301e"
"chronos2_v1\runs\chronos2_hourly_de_sealed_benchmark_v1\run_manifest.json","9081","3a1760a211b33150cf0f0b2bcae3d50b25d66ca2a3041eac4f50086cdbb08c4c"
"chronos2_v1\runs\chronos2_hourly_de_sealed_benchmark_v1\statistics_history_audit.json","4483","c63c81131e44f8886930b9700f52717619024fe95b3480006fe6a287a0044066"
"chronos2_v1\runs\chronos2_hourly_de_sealed_benchmark_v1\statistics_history_hourly.csv.gz","1401441","9fe681204e9f0a9e9c5dfd7013a74513a0d3f8bda5856decd04ad85b7d8db379"
"chronos2_v1\runs\chronos2_hourly_de_sealed_benchmark_v1\zone_benchmark_recipe.json","1596","e4ccf23df791aebf4287f65a53c2aa7873af4e6234745de57757d4e1e7410dc3"
"chronos2_v1\runs\chronos2_hourly_de_sealed_benchmark_v1\zone_live_recipe.json","1715","5455988e188bc707e07b6b0bb57ef438289cfe0a2f816340f2a3fa11181fb2a3"
"chronos2_v1\runs\chronos2_hourly_es_residual_extended_v1\artifact_checksums.json","11662","ef35805af31c7e3ce7be6f44791620f8717f09865ce26a4c9dae275435422fc1"
"chronos2_v1\runs\chronos2_hourly_es_residual_extended_v1\backtest_hourly_oof.csv.gz","2478240","4308865249923af1929b0e9d077cc0d7a6e162ca07b8a2b6d0732d308a768fce"
"chronos2_v1\runs\chronos2_hourly_es_residual_extended_v1\chronos_live_hourly.csv","2032","88e6164783129cecf0787411c03fd39624c548cdc105a8bc261405e71391a8a7"
"chronos2_v1\runs\chronos2_hourly_es_residual_extended_v1\chronos_oof_hourly.csv.gz","393972","1ccc6f3e6f581670f6879641576db5226d5bcadef0feacdb3fe0f506343f7599"
"chronos2_v1\runs\chronos2_hourly_es_residual_extended_v1\chronos2_hourly_es_residual_extended_v1.html","9085012","9db37756e36d1793f3b810eaa66706fcc16270382d1389fce566c8c724782473"
"chronos2_v1\runs\chronos2_hourly_es_residual_extended_v1\ensemble_weights.csv","100","c96e208e4f9ad5f85979d40777f88e760bfe1528ac4ee7463c9fbe75089eaa7c"
"chronos2_v1\runs\chronos2_hourly_es_residual_extended_v1\evaluation_by_day.csv","39537","2017482ad50b8ab528a56fe2b835956ed9ea4a3959b86bd1dc209e5a51a8df03"
"chronos2_v1\runs\chronos2_hourly_es_residual_extended_v1\evaluation_by_hour.csv","1605","b716c684c00baf9a38605ccf90aa3fc7ce9734ffac5c0d16f7c55cf29ba9f343"
"chronos2_v1\runs\chronos2_hourly_es_residual_extended_v1\evaluation_by_month.csv","961","b748f6afe08ed406bec66f4d7c5b9273d646205ef7ce7b7a410afa4b4e0bec41"
"chronos2_v1\runs\chronos2_hourly_es_residual_extended_v1\evaluation_summary.json","574","35cfcd191b15be70d1796346b0d349bd93154b9170bbecd0748857448bc7ac81"
"chronos2_v1\runs\chronos2_hourly_es_residual_extended_v1\extended_residual_recipe.json","1177","3747732c1b841646f1f02c6d5d75eae59969a84ae9f19a303a1d7a9e1f9e2b97"
"chronos2_v1\runs\chronos2_hourly_es_residual_extended_v1\feature_manifest.csv","1472","36da2f4e0657bb9ed54a40b4a2b4d95f96f5e7dc3afe15fd30475dd788bbc827"
"chronos2_v1\runs\chronos2_hourly_es_residual_extended_v1\forecast_hourly_es.csv","10791","a9229d9133e39377abafaf9fa9d2cdcb6fe684facbc8cc2665a74bad6976bab3"
"chronos2_v1\runs\chronos2_hourly_es_residual_extended_v1\inputs\aligned_inputs.csv.gz","714705","494d7c4d01be98350bf2798508cef0ab7cfde8168cfb47f28767535d0c3fdbad"
"chronos2_v1\runs\chronos2_hourly_es_residual_extended_v1\inputs\chronos_oof_extended.csv.gz","117710","22bb137335c0eb81129e1d61512c80eb65378f04a4922e70ab22819dd1803421"
"chronos2_v1\runs\chronos2_hourly_es_residual_extended_v1\inputs\future_input_coverage.csv","510","8d275adeecfcbe221fb661eb86f30bf28704209fec8196a72c41faa045ce715b"
"chronos2_v1\runs\chronos2_hourly_es_residual_extended_v1\inputs\input_coverage.csv","609","6eb87e7fe8032f4ab2c0d44fde4712bca9a98ddf83a802c05331592ab399843b"
"chronos2_v1\runs\chronos2_hourly_es_residual_extended_v1\inputs\input_manifest.csv","734","b93cca91acbe741bc100636922ca35c76d31fe399b5520015248b2e32493068c"
"chronos2_v1\runs\chronos2_hourly_es_residual_extended_v1\inputs\model_covariates_with_future.csv.gz","861433","9c7af0f2b4f8493899e9781550913968821c7830b8ebfa6f89b42af1a98628e6"
"chronos2_v1\runs\chronos2_hourly_es_residual_extended_v1\metrics_hourly.csv","305","1facfe81930c56b16cde9681e2793eccc2b461c440131f5340121bc12af3aa22"
"chronos2_v1\runs\chronos2_hourly_es_residual_extended_v1\metrics_hourly.json","3674","317dd38b12c5ba22eb06f57e3ae6514def1bdf0edef9910a88ea158daf066227"
"chronos2_v1\runs\chronos2_hourly_es_residual_extended_v1\pit_feature_coverage_by_hour.csv","23498","17f15bd437344d61becc883d8842811be562a43b539cf464dd15239d7f69a147"
"chronos2_v1\runs\chronos2_hourly_es_residual_extended_v1\pit_feature_coverage_summary.csv","1550","f54606882d3c1b0f09493a793956879dc6544597eb6b287798b2071605bc0696"
"chronos2_v1\runs\chronos2_hourly_es_residual_extended_v1\residual_feature_importance.csv","10639","596b386466ccc1cf88b02d8cac04a066e01fd26e64654eef34222bc751d1e2fc"
"chronos2_v1\runs\chronos2_hourly_es_residual_extended_v1\run_manifest.json","8686","5fa9af57d3466dfd2dbdd3372de15f9380c4ed9605c0515837112f6ab01dfa17"
"chronos2_v1\runs\chronos2_hourly_es_sealed_benchmark_v1\artifact_checksums.json","7579","22298349587593fb695934c689b54a0e9e584a2a500a008f8334ba907de920b8"
"chronos2_v1\runs\chronos2_hourly_es_sealed_benchmark_v1\backtest_hourly_oof.csv.gz","2475396","307cf364ba579a0b9908ef3dbbaf6aeadf5e28fc76b95ad9280cdd5e976fcb61"
"chronos2_v1\runs\chronos2_hourly_es_sealed_benchmark_v1\chronos_live_hourly.csv","2032","88e6164783129cecf0787411c03fd39624c548cdc105a8bc261405e71391a8a7"
"chronos2_v1\runs\chronos2_hourly_es_sealed_benchmark_v1\chronos_oof_hourly.csv.gz","393972","1ccc6f3e6f581670f6879641576db5226d5bcadef0feacdb3fe0f506343f7599"
"chronos2_v1\runs\chronos2_hourly_es_sealed_benchmark_v1\chronos2_hourly_es_sealed_benchmark_v1.html","9085240","5607417769954e964997f05d94b15502b97b4dd5b8e15d9c951fafbc950d4f4c"
"chronos2_v1\runs\chronos2_hourly_es_sealed_benchmark_v1\ensemble_weights.csv","100","c96e208e4f9ad5f85979d40777f88e760bfe1528ac4ee7463c9fbe75089eaa7c"
"chronos2_v1\runs\chronos2_hourly_es_sealed_benchmark_v1\evaluation_by_day.csv","39556","b2edc47f82a53a72469978d0ce34469d4a179a700faf5f03308792c7877fa9e8"
"chronos2_v1\runs\chronos2_hourly_es_sealed_benchmark_v1\evaluation_by_hour.csv","1603","3038d34a84da818704a772d42a38c81eb5025fed210b320b7ba0b87f7dd915f6"
"chronos2_v1\runs\chronos2_hourly_es_sealed_benchmark_v1\evaluation_by_month.csv","961","1e989b84ddecf685f045a20f340b2fa3f8988f331e069303eec10be518fa7b27"
"chronos2_v1\runs\chronos2_hourly_es_sealed_benchmark_v1\evaluation_summary.json","575","8ba4afdab5b90b1dca50f8be2fd873e89f06e1b9c47ef9c837905d2c9e3f964b"
"chronos2_v1\runs\chronos2_hourly_es_sealed_benchmark_v1\extended_residual_recipe.json","1177","3747732c1b841646f1f02c6d5d75eae59969a84ae9f19a303a1d7a9e1f9e2b97"
"chronos2_v1\runs\chronos2_hourly_es_sealed_benchmark_v1\feature_manifest.csv","1472","36da2f4e0657bb9ed54a40b4a2b4d95f96f5e7dc3afe15fd30475dd788bbc827"
"chronos2_v1\runs\chronos2_hourly_es_sealed_benchmark_v1\forecast_hourly_es.csv","10771","397c6bee90b8f1bf83668443832362211d9d801bcacbd7022f25591cff3ba5dd"
"chronos2_v1\runs\chronos2_hourly_es_sealed_benchmark_v1\inputs\aligned_inputs.csv.gz","714705","494d7c4d01be98350bf2798508cef0ab7cfde8168cfb47f28767535d0c3fdbad"
"chronos2_v1\runs\chronos2_hourly_es_sealed_benchmark_v1\inputs\chronos_oof_extended.csv.gz","117710","22bb137335c0eb81129e1d61512c80eb65378f04a4922e70ab22819dd1803421"
"chronos2_v1\runs\chronos2_hourly_es_sealed_benchmark_v1\inputs\future_input_coverage.csv","510","8d275adeecfcbe221fb661eb86f30bf28704209fec8196a72c41faa045ce715b"
"chronos2_v1\runs\chronos2_hourly_es_sealed_benchmark_v1\inputs\input_coverage.csv","609","6eb87e7fe8032f4ab2c0d44fde4712bca9a98ddf83a802c05331592ab399843b"
"chronos2_v1\runs\chronos2_hourly_es_sealed_benchmark_v1\inputs\input_manifest.csv","734","b93cca91acbe741bc100636922ca35c76d31fe399b5520015248b2e32493068c"
"chronos2_v1\runs\chronos2_hourly_es_sealed_benchmark_v1\inputs\model_covariates_with_future.csv.gz","861433","9c7af0f2b4f8493899e9781550913968821c7830b8ebfa6f89b42af1a98628e6"
"chronos2_v1\runs\chronos2_hourly_es_sealed_benchmark_v1\metrics_hourly.csv","305","e3eab6014ec4b8050a33483b1122c653741b45d64cb5f15c047112288209eb0f"
"chronos2_v1\runs\chronos2_hourly_es_sealed_benchmark_v1\metrics_hourly.json","4147","6266bba86e3e102ea1630485f79f3dd64987bdeabc40d3ec093c9d6d2a2b6b9c"
"chronos2_v1\runs\chronos2_hourly_es_sealed_benchmark_v1\pit_feature_coverage_by_hour.csv","23498","17f15bd437344d61becc883d8842811be562a43b539cf464dd15239d7f69a147"
"chronos2_v1\runs\chronos2_hourly_es_sealed_benchmark_v1\pit_feature_coverage_summary.csv","1550","f54606882d3c1b0f09493a793956879dc6544597eb6b287798b2071605bc0696"
"chronos2_v1\runs\chronos2_hourly_es_sealed_benchmark_v1\residual_feature_importance.csv","10639","596b386466ccc1cf88b02d8cac04a066e01fd26e64654eef34222bc751d1e2fc"
"chronos2_v1\runs\chronos2_hourly_es_sealed_benchmark_v1\run_manifest.json","9028","e33368b68b1db6dcc02df838430f1cae120d87452f80eed966c8607f466630d2"
"chronos2_v1\runs\chronos2_hourly_es_sealed_benchmark_v1\statistics_history_audit.json","966","88544ccb28d4767f3abe9047b04ac25f21345d46bb96d0c0c6722021c7df54d5"
"chronos2_v1\runs\chronos2_hourly_es_sealed_benchmark_v1\statistics_history_hourly.csv.gz","1348693","5f47ba940b562c2668dba763d7c00d9b2ebb9995655d05da960daaa202fdedb4"
"chronos2_v1\runs\chronos2_hourly_es_sealed_benchmark_v1\zone_benchmark_recipe.json","1591","b8d18e684886e93e2fcc4a09bfce69918857d773728e6645c62b5f325cae3802"
"chronos2_v1\runs\chronos2_hourly_es_sealed_benchmark_v1\zone_live_recipe.json","1709","03222769be2b9d459eeae89cf6fb15e1e79bfa81e7684546a8b17ee62f138da4"
"chronos2_v1\runs\chronos2_hourly_fr_mkonline_blend_v1\artifact_checksums.json","9708","e5af979b842ffcdb717be6e0d5eed190a12166c5d00456c4c6f1543c672f24dd"
"chronos2_v1\runs\chronos2_hourly_fr_mkonline_blend_v1\backtest_hourly_oof.csv.gz","2694787","66a23fcaa86668431f93b2e3cd353e4c7eb147b8963ce5e20897d4ceef64761c"
"chronos2_v1\runs\chronos2_hourly_fr_mkonline_blend_v1\chronos_live_hourly.csv","2031","7d125ce7d084f95190c1fc0c9b5942aeb32cbe0ee5898424105e68d4c43d7e4a"
"chronos2_v1\runs\chronos2_hourly_fr_mkonline_blend_v1\chronos_oof_hourly.csv.gz","397631","5c6060fed0c30fdc4d05a2337a6fb52ebfdbd5f2088f71cfe3e2737524ccff22"
"chronos2_v1\runs\chronos2_hourly_fr_mkonline_blend_v1\chronos2_hourly_fr_mkonline_blend_v1.html","9122183","c7fa513db18e76664968d370a431c1b28e15dedaef2edc58e2e4d9cf861508a4"
"chronos2_v1\runs\chronos2_hourly_fr_mkonline_blend_v1\chronos2_hourly_fr_residual_extended_v1.html","8963674","4da5992b497655261f22422407782203a0b896f18149c2be737d0b566576d262"
"chronos2_v1\runs\chronos2_hourly_fr_mkonline_blend_v1\ensemble_weights.csv","102","f311e5579f612576468a1784e9a9b926d73c0562152c6b0c0d57609fd4ed69c7"
"chronos2_v1\runs\chronos2_hourly_fr_mkonline_blend_v1\evaluation_by_day.csv","39521","0d68b1803269d42176ad5af66dc8c90338bbe00b8b04fa28a5d7e1cb886f8c72"
"chronos2_v1\runs\chronos2_hourly_fr_mkonline_blend_v1\evaluation_by_hour.csv","1603","101af7cbffa82cd14f7b4cb31130cf78dcbeb84c5d52dbdef14dbbf366e58de5"
"chronos2_v1\runs\chronos2_hourly_fr_mkonline_blend_v1\evaluation_by_month.csv","964","5802eb9b8785971365196030b7f1db776c7af60d69aa6d1f217507a7307a8021"
"chronos2_v1\runs\chronos2_hourly_fr_mkonline_blend_v1\evaluation_summary.json","580","8c5854f105a455c0bf37220faeff29af131462530281568c055a8db33ffd88e4"
"chronos2_v1\runs\chronos2_hourly_fr_mkonline_blend_v1\evaluation_vs_storm_by_day.csv","39475","78c2da0d2cd6546502df62ac5fe8befafde3a444b39a6292c0ef063cc2993d6d"
"chronos2_v1\runs\chronos2_hourly_fr_mkonline_blend_v1\evaluation_vs_storm_by_hour.csv","1594","1756f1aa5189ac6299f1a659fd219078dab2e0e7a772326fcc8d9bac5fca67a0"
"chronos2_v1\runs\chronos2_hourly_fr_mkonline_blend_v1\evaluation_vs_storm_by_month.csv","962","a0844cebdf97948bf86719c74b24fe9d87e43d9ad2c5c5743cd93cc864d95720"
"chronos2_v1\runs\chronos2_hourly_fr_mkonline_blend_v1\evaluation_vs_storm_summary.json","580","7ce9092b29afaf56287f506869b1c0bf0ca6f925e06049acd23f130bdb741bf8"
"chronos2_v1\runs\chronos2_hourly_fr_mkonline_blend_v1\extended_residual_recipe.json","1177","3747732c1b841646f1f02c6d5d75eae59969a84ae9f19a303a1d7a9e1f9e2b97"
"chronos2_v1\runs\chronos2_hourly_fr_mkonline_blend_v1\feature_manifest.csv","1472","c6c20e1cde348947a50bcf73c974fc4bb79fd7d36ad41a55dd2d53f5cffcf89b"
"chronos2_v1\runs\chronos2_hourly_fr_mkonline_blend_v1\forecast_hourly_fr.csv","13511","5d4be5cc2e40ce8299298780008b0c4c01b7bc6b1b64c48d4b06c780c0fe9b07"
"chronos2_v1\runs\chronos2_hourly_fr_mkonline_blend_v1\inputs\aligned_inputs.csv.gz","725233","ac040d47800912bdb9be88dc574132e21dd05ada00466f4395206c00282569f8"
"chronos2_v1\runs\chronos2_hourly_fr_mkonline_blend_v1\inputs\chronos_oof_extended.csv.gz","173998","4c93855739ce3a50977ce1ddcce0152304b3c8d3cf57ebe9f16427e40abd4655"
"chronos2_v1\runs\chronos2_hourly_fr_mkonline_blend_v1\inputs\future_input_coverage.csv","510","ce78c7b61e897fb6eec91ba60b549b1b38a71e35f6c129a9d3af3ac2e92458db"
"chronos2_v1\runs\chronos2_hourly_fr_mkonline_blend_v1\inputs\input_coverage.csv","613","3fc64f41c0c363086d8a9d7700ed112e28a4d1107527fda443247029dbfa1577"
"chronos2_v1\runs\chronos2_hourly_fr_mkonline_blend_v1\inputs\input_manifest.csv","746","0ab8c00b3523045f2cb526c6d1c489dfe9e48d69de7b672f4ba2809bc5b5db27"
"chronos2_v1\runs\chronos2_hourly_fr_mkonline_blend_v1\inputs\mkonline_primary_final.parquet","147326","408d6991854e0d077dd2b9691b758c8ce755c07e2d4fff02b1e46e976851c408"
"chronos2_v1\runs\chronos2_hourly_fr_mkonline_blend_v1\inputs\mkonline_primary_live.parquet","4452","761d0fd0a7b78c54739dd28e5a1ea240f7a4bcd826a200c63c80860cdf4cba00"
"chronos2_v1\runs\chronos2_hourly_fr_mkonline_blend_v1\inputs\model_covariates_with_future.csv.gz","861405","2b75469d14364ad7473dc579bc4726bf9572d183f35d188474d0e059d95fce03"
"chronos2_v1\runs\chronos2_hourly_fr_mkonline_blend_v1\inputs\storm_evaluation_only_final.parquet","150545","7d71bdc8321de1b6dacaa3068b6c49a02abf318d2a5ddbf3c175610ad62c23b2"
"chronos2_v1\runs\chronos2_hourly_fr_mkonline_blend_v1\metrics_hourly.csv","473","f5335184ec661c003bbf9fdc6cfa6f015b2d41ccd0c2f01df892993dda0ce69c"
"chronos2_v1\runs\chronos2_hourly_fr_mkonline_blend_v1\metrics_hourly.json","5809","7bf6aadc8512ddd6cc8b435fe66c2134f5de2c68fb1cd219a8cf53a688b611ed"
"chronos2_v1\runs\chronos2_hourly_fr_mkonline_blend_v1\mkonline_blend_recipe.json","3533","9fa7f86a4550b64dd490e48297abd8a7eabd360925f39c75cbdb4654c84f8543"
"chronos2_v1\runs\chronos2_hourly_fr_mkonline_blend_v1\mkonline_pit_audit.json","2258","0118c1d223c736b7951ef0718c959c19ec2f948afd86c62e4e2c9127cbc3da06"
"chronos2_v1\runs\chronos2_hourly_fr_mkonline_blend_v1\mkonline_primary_b1_gate.json","3714","79d8ddb635918d91755721a13e90c89e805441cc8b8129619b4f46efb0996230"
"chronos2_v1\runs\chronos2_hourly_fr_mkonline_blend_v1\mkonline_primary_b2_veto.json","1694","9ef4594193b7c78298535c0fb7756507288199a00bee930c5de73a6911368b95"
"chronos2_v1\runs\chronos2_hourly_fr_mkonline_blend_v1\mkonline_primary_dependency.json","1777","2dae7a579aee1c1f8bb2e96b70e6e0224a7e8b133e5a9e5f836dee5a646f53cc"
"chronos2_v1\runs\chronos2_hourly_fr_mkonline_blend_v1\pit_feature_coverage_by_hour.csv","23498","17f15bd437344d61becc883d8842811be562a43b539cf464dd15239d7f69a147"
"chronos2_v1\runs\chronos2_hourly_fr_mkonline_blend_v1\pit_feature_coverage_summary.csv","1550","f54606882d3c1b0f09493a793956879dc6544597eb6b287798b2071605bc0696"
"chronos2_v1\runs\chronos2_hourly_fr_mkonline_blend_v1\residual_feature_importance.csv","10719","dc9a771d37a6919fa1c8271126179f52c67793338af8694cc94de0c9e6bb0310"
"chronos2_v1\runs\chronos2_hourly_fr_mkonline_blend_v1\run_manifest.json","9572","b67a937cc8944ff99fbd36941349149291ef496886ce98eb9ed83077f9f93e74"
"chronos2_v1\runs\chronos2_hourly_fr_mkonline_blend_v1\storm_evaluation_only_pit_audit.json","640","b0be8f502fe4ab84aa38cd39ba452cd1ff4aed57fc56bf79861453bcdd6dee1b"
"chronos2_v1\runs\chronos2_hourly_fr_residual_extended_v1\artifact_checksums.json","10200","e08eacdabf7d3c9d03e061706b20839ee75689138c682a22880e388de7b466bc"
"chronos2_v1\runs\chronos2_hourly_fr_residual_extended_v1\backtest_hourly_oof.csv.gz","2287213","c7b2b641b4fb3cd2def272053e24b45cd0984191b7184e26a252a4eb371a6a31"
"chronos2_v1\runs\chronos2_hourly_fr_residual_extended_v1\chronos_live_hourly.csv","2031","7d125ce7d084f95190c1fc0c9b5942aeb32cbe0ee5898424105e68d4c43d7e4a"
"chronos2_v1\runs\chronos2_hourly_fr_residual_extended_v1\chronos_oof_hourly.csv.gz","397631","5c6060fed0c30fdc4d05a2337a6fb52ebfdbd5f2088f71cfe3e2737524ccff22"
"chronos2_v1\runs\chronos2_hourly_fr_residual_extended_v1\chronos2_hourly_fr_residual_extended_v1.html","8963674","4da5992b497655261f22422407782203a0b896f18149c2be737d0b566576d262"
"chronos2_v1\runs\chronos2_hourly_fr_residual_extended_v1\ensemble_weights.csv","102","f311e5579f612576468a1784e9a9b926d73c0562152c6b0c0d57609fd4ed69c7"
"chronos2_v1\runs\chronos2_hourly_fr_residual_extended_v1\evaluation_by_day.csv","39576","d13eba7ac5cedfcb35a2efd90a389b1605e744af32c9e07435fea3fcbc8197d2"
"chronos2_v1\runs\chronos2_hourly_fr_residual_extended_v1\evaluation_by_hour.csv","1624","16fbf2a2366fe39c74c28ea72e64172550487ad613350530d2a88cd2a9f8c8ca"
"chronos2_v1\runs\chronos2_hourly_fr_residual_extended_v1\evaluation_by_month.csv","970","c51d1b5320eb8e734d012afb5656bf3cdb7f66fa81bbec1132b6b3392b53ce47"
"chronos2_v1\runs\chronos2_hourly_fr_residual_extended_v1\evaluation_summary.json","575","0c247fcfb4e322e90f3b87d8293fc763c9348f7ffab6225544d2588677c32dfa"
"chronos2_v1\runs\chronos2_hourly_fr_residual_extended_v1\extended_residual_recipe.json","1177","3747732c1b841646f1f02c6d5d75eae59969a84ae9f19a303a1d7a9e1f9e2b97"
"chronos2_v1\runs\chronos2_hourly_fr_residual_extended_v1\feature_manifest.csv","1472","c6c20e1cde348947a50bcf73c974fc4bb79fd7d36ad41a55dd2d53f5cffcf89b"
"chronos2_v1\runs\chronos2_hourly_fr_residual_extended_v1\forecast_hourly_fr.csv","10768","417cf27bb6fe277fb100f135bee9bf68eba2f1a49dc12626551a3e4014186b49"
"chronos2_v1\runs\chronos2_hourly_fr_residual_extended_v1\inputs\aligned_inputs.csv.gz","725233","ac040d47800912bdb9be88dc574132e21dd05ada00466f4395206c00282569f8"
"chronos2_v1\runs\chronos2_hourly_fr_residual_extended_v1\inputs\chronos_oof_extended.csv.gz","173998","4c93855739ce3a50977ce1ddcce0152304b3c8d3cf57ebe9f16427e40abd4655"
"chronos2_v1\runs\chronos2_hourly_fr_residual_extended_v1\inputs\future_input_coverage.csv","510","ce78c7b61e897fb6eec91ba60b549b1b38a71e35f6c129a9d3af3ac2e92458db"
"chronos2_v1\runs\chronos2_hourly_fr_residual_extended_v1\inputs\input_coverage.csv","613","3fc64f41c0c363086d8a9d7700ed112e28a4d1107527fda443247029dbfa1577"
"chronos2_v1\runs\chronos2_hourly_fr_residual_extended_v1\inputs\input_manifest.csv","746","0ab8c00b3523045f2cb526c6d1c489dfe9e48d69de7b672f4ba2809bc5b5db27"
"chronos2_v1\runs\chronos2_hourly_fr_residual_extended_v1\inputs\model_covariates_with_future.csv.gz","861405","2b75469d14364ad7473dc579bc4726bf9572d183f35d188474d0e059d95fce03"
"chronos2_v1\runs\chronos2_hourly_fr_residual_extended_v1\metrics_hourly.csv","306","615fe0af78ae648ebbcd8bff212589509080cd9ff8e68cb0bf09c02dad5ce268"
"chronos2_v1\runs\chronos2_hourly_fr_residual_extended_v1\metrics_hourly.json","3682","92cbe0f041d30a3ff5ca5efbde27387ebd437df39e004df655e14d8d3d676da7"
"chronos2_v1\runs\chronos2_hourly_fr_residual_extended_v1\pit_feature_coverage_by_hour.csv","23498","17f15bd437344d61becc883d8842811be562a43b539cf464dd15239d7f69a147"
"chronos2_v1\runs\chronos2_hourly_fr_residual_extended_v1\pit_feature_coverage_summary.csv","1550","f54606882d3c1b0f09493a793956879dc6544597eb6b287798b2071605bc0696"
"chronos2_v1\runs\chronos2_hourly_fr_residual_extended_v1\residual_feature_importance.csv","10719","dc9a771d37a6919fa1c8271126179f52c67793338af8694cc94de0c9e6bb0310"
"chronos2_v1\runs\chronos2_hourly_fr_residual_extended_v1\run_manifest.json","8415","83e98edbd9c91dbf3a2e7d0891f450016292d574ca27196f8c78122ac5f4a541"
"chronos2_v1\runs\chronos2_hourly_nl_mkonline_blend_v1\artifact_checksums.json","9289","a99c38a6f023f91c2e5e6c6cd2a3f18d956071236cfa9ce217aba1ed5a6eebbb"
"chronos2_v1\runs\chronos2_hourly_nl_mkonline_blend_v1\backtest_hourly_oof.csv.gz","2876084","bd2068f0ed6a72dbd33394f44615cde906782cce5d194b9a2ef2f869ea021e26"
"chronos2_v1\runs\chronos2_hourly_nl_mkonline_blend_v1\chronos_live_hourly.csv","2043","e3fa18da89f7c245fc07f295a7020c25103077580729fd0df865de0f7bcc08d3"
"chronos2_v1\runs\chronos2_hourly_nl_mkonline_blend_v1\chronos_oof_hourly.csv.gz","395010","397559370f3ae8609f01fd4bf1b73e969266580e80d0afd9a4a3d2c8cf84f598"
"chronos2_v1\runs\chronos2_hourly_nl_mkonline_blend_v1\chronos2_hourly_nl_mkonline_blend_v1.html","11273254","7b62d8203afb4312ef83dddc9e2f8373c99e69331a9a4a5a9894356c812fb7cc"
"chronos2_v1\runs\chronos2_hourly_nl_mkonline_blend_v1\ensemble_weights.csv","83","9dd370e1190c49808d86e2df5e2c1824830a62e20feef6ec606d9c1772e246d3"
"chronos2_v1\runs\chronos2_hourly_nl_mkonline_blend_v1\evaluation_by_day.csv","39499","b1e0ef5e5fae923edd2524b954ba42278b3436f61e29a9faed6c1a27f9d9fd50"
"chronos2_v1\runs\chronos2_hourly_nl_mkonline_blend_v1\evaluation_by_hour.csv","1610","8a67fd21204bbefab1fb648a655052f1f4802929574666d9d2af4ca00859d81e"
"chronos2_v1\runs\chronos2_hourly_nl_mkonline_blend_v1\evaluation_by_month.csv","966","85ddc8a508c4c51845bb87cba666945096094e1f8ec77a9ddd817a2b9f1f7854"
"chronos2_v1\runs\chronos2_hourly_nl_mkonline_blend_v1\evaluation_summary.json","584","7cfc965651ef54687b447ec6c150d72e344559a1194c2deace078187bdb990f1"
"chronos2_v1\runs\chronos2_hourly_nl_mkonline_blend_v1\evaluation_vs_storm_by_day.csv","25846","05bce168037264365d8c40bbe2403d3e44d607204aea8c1eb6d6d4db042a1c8c"
"chronos2_v1\runs\chronos2_hourly_nl_mkonline_blend_v1\evaluation_vs_storm_by_hour.csv","1599","7002b581500b00a1083a7b8af53ef6878af7b74a629a6880622b510931c0612a"
"chronos2_v1\runs\chronos2_hourly_nl_mkonline_blend_v1\evaluation_vs_storm_by_month.csv","960","49c99b506b675c2ef7b1cb99d1446a049c38b00d0c88576857c19ea87df542f4"
"chronos2_v1\runs\chronos2_hourly_nl_mkonline_blend_v1\evaluation_vs_storm_summary.json","535","d36cffa52f25e9256f47da6baecb31c29282986ed3f7caced992f517fca40548"
"chronos2_v1\runs\chronos2_hourly_nl_mkonline_blend_v1\extended_residual_recipe.json","1177","3747732c1b841646f1f02c6d5d75eae59969a84ae9f19a303a1d7a9e1f9e2b97"
"chronos2_v1\runs\chronos2_hourly_nl_mkonline_blend_v1\feature_manifest.csv","1472","36da2f4e0657bb9ed54a40b4a2b4d95f96f5e7dc3afe15fd30475dd788bbc827"
"chronos2_v1\runs\chronos2_hourly_nl_mkonline_blend_v1\forecast_hourly_nl.csv","13563","6a4228a108a1424068401d820fe87a8ad6e5f9753506cb9d4c6f9a8d5df4e51f"
"chronos2_v1\runs\chronos2_hourly_nl_mkonline_blend_v1\inputs\aligned_inputs.csv.gz","726125","ef9e450bebf404025303d1d32d0be527e78e1163d0d2fe74abe68e41f6c2dabd"
"chronos2_v1\runs\chronos2_hourly_nl_mkonline_blend_v1\inputs\chronos_oof_extended.csv.gz","119613","4fd8467660046fe7b45bcc754e993e428c631c6bc7c0044903c8ac8380b39157"
"chronos2_v1\runs\chronos2_hourly_nl_mkonline_blend_v1\inputs\future_input_coverage.csv","510","a93a2798f1dbfb579c2d0a62fbf8d2be885c527bc5942d84cdd2eb5ea80fa0b3"
"chronos2_v1\runs\chronos2_hourly_nl_mkonline_blend_v1\inputs\input_coverage.csv","609","9feb893d0464c8275acd2deb5d8955526b5b8306eed943cc034a8e10b4a6a821"
"chronos2_v1\runs\chronos2_hourly_nl_mkonline_blend_v1\inputs\input_manifest.csv","734","d5686d73a38098e91dfefca94176a33c105ca9d33fe8aca3b9c95a3a1ed6377e"
"chronos2_v1\runs\chronos2_hourly_nl_mkonline_blend_v1\inputs\model_covariates_with_future.csv.gz","861433","31c2bf93b42109faf63980d648733ef78664b3ea56bd2c0593fac83eb56c4113"
"chronos2_v1\runs\chronos2_hourly_nl_mkonline_blend_v1\inputs\storm_dashboard_official_statistics.parquet","162740","a6c3d651a12cbde022e69cc5ac802244e25573de9fbef62c109612126420fcb3"
"chronos2_v1\runs\chronos2_hourly_nl_mkonline_blend_v1\metrics_hourly.csv","414","2c025dfcf892607880cc21d31e76a6145fb389e62ed76c67d73b2726bf8dc1e7"
"chronos2_v1\runs\chronos2_hourly_nl_mkonline_blend_v1\metrics_hourly.json","7559","a8c2530049395ed18de43ebf632ab42fe8f189c603aa9a1150cd4e42e84e4d82"
"chronos2_v1\runs\chronos2_hourly_nl_mkonline_blend_v1\mkonline_pit_audit.json","1012","6ef99d8055c60f81acf3c330072bceef019b421e5f3166676b0d178638a51b0b"
"chronos2_v1\runs\chronos2_hourly_nl_mkonline_blend_v1\mkonline_primary_dependency.json","976","6c6fb39ab017d14268948d9e7b29bad5b93dfc92903ccd54347bb46743b682f6"
"chronos2_v1\runs\chronos2_hourly_nl_mkonline_blend_v1\pit_feature_coverage_by_hour.csv","23498","17f15bd437344d61becc883d8842811be562a43b539cf464dd15239d7f69a147"
"chronos2_v1\runs\chronos2_hourly_nl_mkonline_blend_v1\pit_feature_coverage_summary.csv","1550","f54606882d3c1b0f09493a793956879dc6544597eb6b287798b2071605bc0696"
"chronos2_v1\runs\chronos2_hourly_nl_mkonline_blend_v1\residual_feature_importance.csv","10733","fbcfc16b2007478c7a40c8236a4e199e5887eaed666d67586fcbd0ac290b4980"
"chronos2_v1\runs\chronos2_hourly_nl_mkonline_blend_v1\run_manifest.json","9140","2666388380b3cd0b1f172f208568e3b638f5970e94cd52c75f1a981ac401682f"
"chronos2_v1\runs\chronos2_hourly_nl_mkonline_blend_v1\statistics_history_audit.json","4492","430e92ddb4c80179c2d36deb2edd8fd731c0c0126f96f1ea0e541e0c6864da98"
"chronos2_v1\runs\chronos2_hourly_nl_mkonline_blend_v1\statistics_history_hourly.csv.gz","1779247","62e7e252d387ff1f15a2f06affe7e292400792fbec916cde62a6d4e95dcfc5c1"
"chronos2_v1\runs\chronos2_hourly_nl_mkonline_blend_v1\zone_benchmark_recipe.json","3588","de691832431b15acacc5336a6ae2587a677c899cc7c7e1ac87b81e986c4fc6f3"
"chronos2_v1\runs\chronos2_hourly_nl_mkonline_blend_v1\zone_live_recipe.json","8572","bd8f36aafb7a47b0a204bb9a5819b1dc77da343ac9126bc112067d8d1c54917f"
"chronos2_v1\runs\chronos2_hourly_nl_residual_extended_v1\artifact_checksums.json","11661","516537bd87b1dd432aba983b763ea04881e570a1aaab8e0a671f378fdcd770e3"
"chronos2_v1\runs\chronos2_hourly_nl_residual_extended_v1\backtest_hourly_oof.csv.gz","2498661","515682e0c42e0612f4df9c2e2bdcaeae705f2d7cb74160544cc769fec43896db"
"chronos2_v1\runs\chronos2_hourly_nl_residual_extended_v1\chronos_live_hourly.csv","2043","e3fa18da89f7c245fc07f295a7020c25103077580729fd0df865de0f7bcc08d3"
"chronos2_v1\runs\chronos2_hourly_nl_residual_extended_v1\chronos_oof_hourly.csv.gz","395010","397559370f3ae8609f01fd4bf1b73e969266580e80d0afd9a4a3d2c8cf84f598"
"chronos2_v1\runs\chronos2_hourly_nl_residual_extended_v1\chronos2_hourly_nl_residual_extended_v1.html","9067974","83412e1375eb56844fac9b443b4d5f8b68ab142fc0c50f1e33cd4b1f8d37a041"
"chronos2_v1\runs\chronos2_hourly_nl_residual_extended_v1\ensemble_weights.csv","83","9dd370e1190c49808d86e2df5e2c1824830a62e20feef6ec606d9c1772e246d3"
"chronos2_v1\runs\chronos2_hourly_nl_residual_extended_v1\evaluation_by_day.csv","39576","266d3c1924a0973ffeac5c3365ebe9501481737bb59d165431ff792a3f763056"
"chronos2_v1\runs\chronos2_hourly_nl_residual_extended_v1\evaluation_by_hour.csv","1610","dd157f55ff4a2c60848aa0044523de7506c6b94a9641ac2036bb45ff19dc0b4f"
"chronos2_v1\runs\chronos2_hourly_nl_residual_extended_v1\evaluation_by_month.csv","963","9a82319d336a0134241dbe47ec0596ba39024c315866b63d6849915dccab9df0"
"chronos2_v1\runs\chronos2_hourly_nl_residual_extended_v1\evaluation_summary.json","574","100452e59942136275b14c98a62fd0d5631076e614fc3071361862222f90061e"
"chronos2_v1\runs\chronos2_hourly_nl_residual_extended_v1\extended_residual_recipe.json","1177","3747732c1b841646f1f02c6d5d75eae59969a84ae9f19a303a1d7a9e1f9e2b97"
"chronos2_v1\runs\chronos2_hourly_nl_residual_extended_v1\feature_manifest.csv","1472","36da2f4e0657bb9ed54a40b4a2b4d95f96f5e7dc3afe15fd30475dd788bbc827"
"chronos2_v1\runs\chronos2_hourly_nl_residual_extended_v1\forecast_hourly_nl.csv","10844","241127fe61852dd0c150b26acdd940edb15e692876708d50c4ebdcd11d7cb40e"
"chronos2_v1\runs\chronos2_hourly_nl_residual_extended_v1\inputs\aligned_inputs.csv.gz","726125","ef9e450bebf404025303d1d32d0be527e78e1163d0d2fe74abe68e41f6c2dabd"
"chronos2_v1\runs\chronos2_hourly_nl_residual_extended_v1\inputs\chronos_oof_extended.csv.gz","119613","4fd8467660046fe7b45bcc754e993e428c631c6bc7c0044903c8ac8380b39157"
"chronos2_v1\runs\chronos2_hourly_nl_residual_extended_v1\inputs\future_input_coverage.csv","510","a93a2798f1dbfb579c2d0a62fbf8d2be885c527bc5942d84cdd2eb5ea80fa0b3"
"chronos2_v1\runs\chronos2_hourly_nl_residual_extended_v1\inputs\input_coverage.csv","609","9feb893d0464c8275acd2deb5d8955526b5b8306eed943cc034a8e10b4a6a821"
"chronos2_v1\runs\chronos2_hourly_nl_residual_extended_v1\inputs\input_manifest.csv","734","d5686d73a38098e91dfefca94176a33c105ca9d33fe8aca3b9c95a3a1ed6377e"
"chronos2_v1\runs\chronos2_hourly_nl_residual_extended_v1\inputs\model_covariates_with_future.csv.gz","861433","31c2bf93b42109faf63980d648733ef78664b3ea56bd2c0593fac83eb56c4113"
"chronos2_v1\runs\chronos2_hourly_nl_residual_extended_v1\metrics_hourly.csv","306","63398e6380a976bead501212701685ce3447e71810f9cab9fae442421cb7c151"
"chronos2_v1\runs\chronos2_hourly_nl_residual_extended_v1\metrics_hourly.json","3661","a35ddb4aab1eb8d24a1752fda93a1fcfeb3226c0d50314af2cde31d2abaef54d"
"chronos2_v1\runs\chronos2_hourly_nl_residual_extended_v1\pit_feature_coverage_by_hour.csv","23498","17f15bd437344d61becc883d8842811be562a43b539cf464dd15239d7f69a147"
"chronos2_v1\runs\chronos2_hourly_nl_residual_extended_v1\pit_feature_coverage_summary.csv","1550","f54606882d3c1b0f09493a793956879dc6544597eb6b287798b2071605bc0696"
"chronos2_v1\runs\chronos2_hourly_nl_residual_extended_v1\residual_feature_importance.csv","10733","fbcfc16b2007478c7a40c8236a4e199e5887eaed666d67586fcbd0ac290b4980"
"chronos2_v1\runs\chronos2_hourly_nl_residual_extended_v1\run_manifest.json","8689","8cf299ee48204d1540a9e08043f5ac2426e665716a9d10b14bdfc3a76141d846"
"chronos2_v1\screen_mkonline_zone_crossfit.py","40392","82bf1af82deb765a0ee3e29b3ba92dcf8e10dc0d4bb40e949f55125064d1416d"
"chronos2_v1\sync_saturn_hourly_candidates.py","16251","ed94cba3ace0005f1f17751b550c7f456a58023ec96e7cb46c02d9ffdec4ef35"
"README_LANCEMENT.md","2988","abcb759231535520938408236ca901abea87b0df745e66b8dd2352bfce8dfe5d"
