stage,family,group,value,n,mae,rmse,bias
test,nyx,overall,all,8640,14.191395139008183,30.19601332207439,-1.8524166040584602
test,nyx,country,BE,2160,16.10764101560567,37.863589980209504,-2.5442023485813716
test,nyx,country_hour,BE:00,90,9.448763744082298,15.78612376131095,0.14264983511119975
test,nyx,country_hour,BE:01,90,8.350650372087612,12.805350681311964,-0.703599077558734
test,nyx,country_hour,BE:02,90,8.703505625742386,13.365999050205286,-0.9723593671911591
test,nyx,country_hour,BE:03,90,8.803019570424109,13.887730279092995,-0.938970095809129
test,nyx,country_hour,BE:04,90,8.71624698834781,13.787171859178088,0.1398298955738099
test,nyx,country_hour,BE:05,90,8.825194261596803,14.013383545640513,0.39419261917399684
test,nyx,country_hour,BE:06,90,10.193687777321347,15.176821577306441,-2.1143072618460907
test,nyx,country_hour,BE:07,90,11.278833208845798,15.696970761053189,-1.3743066358462857
test,nyx,country_hour,BE:08,90,12.815429745902293,16.557535778032893,-0.8169571643335571
test,nyx,country_hour,BE:09,90,13.886708900119427,19.21663471464402,0.23009617592356202
test,nyx,country_hour,BE:10,90,14.973740293694865,21.046747028251442,1.6352403971504401
test,nyx,country_hour,BE:11,90,15.38659591216436,21.926668336383603,-0.4595835002027041
test,nyx,country_hour,BE:12,90,15.357836084639676,21.971534181991196,-2.2302923391780984
test,nyx,country_hour,BE:13,90,14.898054001919844,21.327120307737594,-0.2425807603174216
test,nyx,country_hour,BE:14,90,16.715172935116946,23.948344747090214,-0.780339965990508
test,nyx,country_hour,BE:15,90,16.08825817253888,22.472325639469446,0.5497718464629039
test,nyx,country_hour,BE:16,90,15.907167050318023,21.952820951966178,-0.9231176485519414
test,nyx,country_hour,BE:17,90,15.4211075109378,21.17245098524411,-0.14928867703641358
test,nyx,country_hour,BE:18,90,15.724233687419456,23.74189257565737,-3.8026337105297916
test,nyx,country_hour,BE:19,90,31.132079150969947,65.34085106418893,-13.052483962949976
test,nyx,country_hour,BE:20,90,42.67817655340033,99.04390410566977,-14.159642602033433
test,nyx,country_hour,BE:21,90,36.69314848552056,96.76314534053468,-11.548542438055984
test,nyx,country_hour,BE:22,90,21.77996209667197,60.4818707572447,-6.581341805034204
test,nyx,country_hour,BE:23,90,12.805812244753529,24.13059371404339,-3.302290122883399
test,nyx,country_negative,BE,73,6.410439396053163,10.037384073420485,1.225722508020872
test,nyx,country_train_q95,BE,992,19.563108241882272,52.08462583513385,-8.050843440119028
test,nyx,country,DE,2160,13.068642471816073,28.652134760670922,-2.2759326427504214
test,nyx,country_hour,DE:00,90,8.011714838633319,10.908206399710549,-0.7551115404830957
test,nyx,country_hour,DE:01,90,7.308718263638981,10.283143847039065,-1.5626081396989144
test,nyx,country_hour,DE:02,90,7.5357982264896055,10.768268894131726,-2.3327011569940717
test,nyx,country_hour,DE:03,90,7.817996038618049,11.034860689468076,-2.674093568913095
test,nyx,country_hour,DE:04,90,8.24152191911145,11.392595695100493,-1.3025138886068508
test,nyx,country_hour,DE:05,90,8.422271704546255,11.400981989750976,-0.5693280258879534
test,nyx,country_hour,DE:06,90,8.700451016536544,11.694001957586053,-2.59197475763819
test,nyx,country_hour,DE:07,90,8.824011538503347,11.991357863932583,-2.375581593310487
test,nyx,country_hour,DE:08,90,10.001774822993902,13.394951210146544,-1.275584144753716
test,nyx,country_hour,DE:09,90,11.010021419625405,14.91536531458511,0.7045613194762964
test,nyx,country_hour,DE:10,90,11.200493219370033,15.247892285705397,0.8085594916258928
test,nyx,country_hour,DE:11,90,12.951375757703643,17.284726318443976,0.04375542016711746
test,nyx,country_hour,DE:12,90,11.147606594436606,14.879887873083119,-0.5347931824569507
test,nyx,country_hour,DE:13,90,10.049335515615988,14.177085735018247,0.896877973482368
test,nyx,country_hour,DE:14,90,10.950546044362934,15.179048184543678,1.4731474276065115
test,nyx,country_hour,DE:15,90,11.385599610261167,15.062670242612977,1.1195594665210986
test,nyx,country_hour,DE:16,90,13.516551933518151,18.163459034132813,-0.11884653996066782
test,nyx,country_hour,DE:17,90,14.324579508284122,18.82893474328063,-0.36965578509653374
test,nyx,country_hour,DE:18,90,14.394420166500003,22.92043262248343,-3.2836648571731017
test,nyx,country_hour,DE:19,90,28.532209063944215,63.85965580078668,-13.542766450735927
test,nyx,country_hour,DE:20,90,35.82082539633216,75.87087561172923,-12.309784295696959
test,nyx,country_hour,DE:21,90,27.192876917308595,65.35316515413639,-8.069948852833713
test,nyx,country_hour,DE:22,90,16.288240657881413,36.58654533085845,-4.981543507352872
test,nyx,country_hour,DE:23,90,10.018479149369826,15.271533518642048,-1.0183442372962948
test,nyx,country_negative,DE,165,5.8719117267915575,7.815750128710187,2.233538540226595
test,nyx,country_train_q95,DE,548,21.020885226440257,51.29971750238695,-9.93811597837997
test,nyx,country,FR,2160,13.653686735966646,19.41389154014229,-0.44931932468536145
test,nyx,country_hour,FR:00,90,9.655842873414999,16.786981228213932,0.5174361595781317
test,nyx,country_hour,FR:01,90,9.26603206861598,14.18360084309684,0.005342051348225141
test,nyx,country_hour,FR:02,90,11.291860133503775,15.962281078316728,0.351533188935702
test,nyx,country_hour,FR:03,90,12.606451826010213,18.98616187574562,1.036158415334854
test,nyx,country_hour,FR:04,90,12.451583510828026,18.36778051412283,1.6624919682662957
test,nyx,country_hour,FR:05,90,12.883611901571904,18.741552753028238,1.541889684344079
test,nyx,country_hour,FR:06,90,13.079742957251835,17.1308190392808,-1.3024789764585374
test,nyx,country_hour,FR:07,90,12.836008710605084,17.142107174126476,-0.16096698202880821
test,nyx,country_hour,FR:08,90,12.840427596032088,17.279973953000496,-0.978485779007202
test,nyx,country_hour,FR:09,90,12.743117154182684,16.47416085745683,0.2583182254250895
test,nyx,country_hour,FR:10,90,15.648585764210651,20.435771052288494,1.772672919166492
test,nyx,country_hour,FR:11,90,15.089526994924206,20.665977472787386,-0.12543543769674478
test,nyx,country_hour,FR:12,90,14.348206352688553,19.609773403726873,-2.2281524602083387
test,nyx,country_hour,FR:13,90,12.984623329913324,18.79010265951773,0.04686895510916287
test,nyx,country_hour,FR:14,90,13.29967490157323,18.090096404950295,-1.512427991533862
test,nyx,country_hour,FR:15,90,14.168676551833144,19.74137201831962,0.1995325091042632
test,nyx,country_hour,FR:16,90,18.096146646423364,23.965980700533475,1.167487214130436
test,nyx,country_hour,FR:17,90,15.455761846048178,20.553084207557003,0.09411295932435546
test,nyx,country_hour,FR:18,90,14.870110191553826,19.506783988003455,-1.8148360369164636
test,nyx,country_hour,FR:19,90,17.84128096351519,27.351939236167066,-3.548919626172144
test,nyx,country_hour,FR:20,90,19.066057922768092,28.468132513689376,-3.4300047951623562
test,nyx,country_hour,FR:21,90,14.812684865188665,20.239844964239897,-1.4890959718270307
test,nyx,country_hour,FR:22,90,12.338069302851164,16.912304284267016,-2.5146744323818035
test,nyx,country_hour,FR:23,90,10.014397297691291,13.059879123281197,-0.33202955312246857
test,nyx,country_negative,FR,147,6.819416237587437,11.166408506727628,0.7050121886730555
test,nyx,country_train_q95,FR,1119,12.657863091261527,17.961459247922345,-3.7373705409594202
test,nyx,country,NL,2160,13.935610332644346,31.87007099022686,-2.140212100216687
test,nyx,country_hour,NL:00,90,8.140991405477104,12.96275779403605,-0.18115521687436015
test,nyx,country_hour,NL:01,90,7.640650296768261,11.315719779168901,-1.325328172759593
test,nyx,country_hour,NL:02,90,7.914551585821863,11.694426434510364,-1.9161504974744736
test,nyx,country_hour,NL:03,90,7.959691228544192,11.52776650167411,-1.996454398323987
test,nyx,country_hour,NL:04,90,7.75511934162817,11.224645657214305,-0.5723727775355371
test,nyx,country_hour,NL:05,90,7.792253514329613,11.577352821817659,-0.04626068016525322
test,nyx,country_hour,NL:06,90,9.446134734233132,12.825455514204451,-2.3994571072635114
test,nyx,country_hour,NL:07,90,9.975053530213883,13.863891946804772,-1.8456475458459114
test,nyx,country_hour,NL:08,90,11.096506140350968,14.988652930724596,-1.0580012436517798
test,nyx,country_hour,NL:09,90,12.89410352432922,17.975469172204072,1.4813544076872611
test,nyx,country_hour,NL:10,90,12.820587849230296,17.304063022670594,2.159589455122618
test,nyx,country_hour,NL:11,90,13.772149858634561,19.314043710938165,0.23820364425614712
test,nyx,country_hour,NL:12,90,12.195354018711063,17.935181384217696,-0.4723711921638903
test,nyx,country_hour,NL:13,90,11.786391533183586,17.54239460768505,-0.5827976482035455
test,nyx,country_hour,NL:14,90,11.73283187119039,17.2755936483612,0.4895227337724492
test,nyx,country_hour,NL:15,90,11.91290974812183,16.454158565168655,1.1006982489446826
test,nyx,country_hour,NL:16,90,13.809779089665994,18.26737322782791,-1.085304219269719
test,nyx,country_hour,NL:17,90,14.1283502667033,19.207257703005528,-0.11594817868432743
test,nyx,country_hour,NL:18,90,14.588079625665756,21.433736573845735,-2.936900293405606
test,nyx,country_hour,NL:19,90,28.70182598192391,58.795491768377154,-11.229807510944632
test,nyx,country_hour,NL:20,90,37.775981378520285,85.13796484861312,-12.274848205196662
test,nyx,country_hour,NL:21,90,31.464691396397086,80.51930282141626,-8.732680099092285
test,nyx,country_hour,NL:22,90,18.807371004761396,46.10979232691048,-6.119288637827001
test,nyx,country_hour,NL:23,90,10.343289059058403,17.28214060463334,-1.9436852703015703
test,nyx,country_negative,NL,137,6.542648382159295,11.900084302681933,1.3153016319374229
test,nyx,country_train_q95,NL,744,19.269179176038957,49.641470996270456,-8.20139457060203
test,nyx,hour,00,360,8.81432821540193,14.300581270086207,-0.06904519066703116
test,nyx,hour,01,360,8.141512750277709,12.236626377879299,-0.896548334667254
test,nyx,hour,02,360,8.861428892889407,13.097323891178844,-1.2174194581810007
test,nyx,hour,03,360,9.296789665899139,14.212678723853752,-1.1433399119278393
test,nyx,hour,04,360,9.291117939978866,13.993260660864077,-0.018141200575570653
test,nyx,hour,05,360,9.480832845511143,14.244632381034304,0.3301233993662172
test,nyx,hour,06,360,10.355004121335716,14.361779704103908,-2.102054525801582
test,nyx,hour,07,360,10.728476747042029,14.800733873495707,-1.439125689257873
test,nyx,hour,08,360,11.688534576319812,15.627171252798282,-1.0322570829365638
test,nyx,hour,09,360,12.633487749564182,17.22108184857888,0.6685825321280524
test,nyx,hour,10,360,13.660851781626464,18.65820942120246,1.5940155657663606
test,nyx,hour,11,360,14.299912130856693,19.872439820081624,-0.0757649683690462
test,nyx,hour,12,360,13.262250762618972,18.777468690269707,-1.3664022935018196
test,nyx,hour,13,360,12.429601095158185,18.14276293102655,0.029592130017641
test,nyx,hour,14,360,13.174556438060876,18.905187408208068,-0.08252444903635245
test,nyx,hour,15,360,13.388861020688756,18.65710694170897,0.7423905177582372
test,nyx,hour,16,360,15.332411179981383,20.73585510303839,-0.239945298412973
test,nyx,hour,17,360,14.83244978299335,19.9634007824436,-0.13519492037322986
test,nyx,hour,18,360,14.894210917784761,21.959868964474136,-2.959508724506241
test,nyx,hour,19,360,26.551848790088318,56.01901661278014,-10.34349438770067
test,nyx,hour,20,360,33.83526031275522,76.85211827588792,-10.543569974522352
test,nyx,hour,21,360,27.54085041610373,71.63649897726833,-7.460066840452255
test,nyx,hour,22,360,17.303410765541486,43.037108912476505,-5.04921209564897
test,nyx,hour,23,360,10.795494437718261,17.921621826694913,-1.6490872959009328
test,nyx,negative,actual_lt_zero,522,6.390085299068322,10.279983266824987,1.4211584627074292
test,nyx,train_q95,actual_gt_train_q95,3403,17.46296402766121,43.12125126684212,-6.969285760979077
test,raw_hourly,overall,all,8640,15.499604577673805,31.859519769155504,-0.8644307838987423
test,raw_hourly,country,BE,2160,16.969992880715267,38.74087706381428,-1.8986513267093237
test,raw_hourly,country_hour,BE:00,90,9.015892008463544,14.674060257725026,-0.023744784884981603
test,raw_hourly,country_hour,BE:01,90,7.787320532904731,11.83530816408259,-0.25103526814778643
test,raw_hourly,country_hour,BE:02,90,8.120440524631077,12.787689482699424,-0.14739316134982658
test,raw_hourly,country_hour,BE:03,90,7.9942661777072495,13.359352209716786,0.28938046942816953
test,raw_hourly,country_hour,BE:04,90,8.057682139078777,13.197566723426776,1.2731302117241745
test,raw_hourly,country_hour,BE:05,90,8.431526207817926,13.546772485782297,0.5317944369845915
test,raw_hourly,country_hour,BE:06,90,9.95629508463542,14.911298546026922,-3.5510348442925364
test,raw_hourly,country_hour,BE:07,90,10.951491029527451,15.575911492379143,-2.7512299753824863
test,raw_hourly,country_hour,BE:08,90,13.236309816148546,17.837333475293867,-0.8118762529161251
test,raw_hourly,country_hour,BE:09,90,16.1716546359592,21.564107492747684,2.9746281568739166
test,raw_hourly,country_hour,BE:10,90,19.27661955939399,25.48996269867154,4.84659554884169
test,raw_hourly,country_hour,BE:11,90,19.597311370849614,26.008105474552078,3.5568551466200073
test,raw_hourly,country_hour,BE:12,90,18.151581732855906,24.565296238731822,1.6765779452853729
test,raw_hourly,country_hour,BE:13,90,17.888918970743813,23.86016692413443,3.21947454325358
test,raw_hourly,country_hour,BE:14,90,19.437798516167536,26.028601247742504,2.219148912217882
test,raw_hourly,country_hour,BE:15,90,19.722892959594727,25.479335966754597,4.101553231133355
test,raw_hourly,country_hour,BE:16,90,19.91697423977322,25.472661757664564,2.0349808926052515
test,raw_hourly,country_hour,BE:17,90,16.570075400458443,22.2873644098216,2.3909008229573576
test,raw_hourly,country_hour,BE:18,90,15.295064732869468,22.653380748093262,-2.3879648284912123
test,raw_hourly,country_hour,BE:19,90,30.633993530273436,65.11030356049731,-14.269931091308596
test,raw_hourly,country_hour,BE:20,90,42.03952045016819,100.55012839183209,-19.022207387288407
test,raw_hourly,country_hour,BE:21,90,35.73151903957791,97.77455681810423,-16.71446218193902
test,raw_hourly,country_hour,BE:22,90,21.056647196451827,61.40917385640664,-10.503706509060331
test,raw_hourly,country_hour,BE:23,90,12.238033281114367,23.501288797488066,-4.2480658738878025
test,raw_hourly,country_negative,BE,73,11.622036114000297,16.637231835287427,5.584063325646805
test,raw_hourly,country_train_q95,BE,992,18.83654067870109,52.418105546222776,-9.681960774083292
test,raw_hourly,country,DE,2160,15.028447581750378,31.453837828304582,-1.2674874668121336
test,raw_hourly,country_hour,DE:00,90,7.553996554904514,10.465710095648758,-0.3649407280815958
test,raw_hourly,country_hour,DE:01,90,6.883746229383681,10.065587413786464,-0.5698225775824638
test,raw_hourly,country_hour,DE:02,90,6.961349911159938,10.63998230911433,-0.8538154534233952
test,raw_hourly,country_hour,DE:03,90,7.147271650526262,10.953986828004975,-0.9922452494303399
test,raw_hourly,country_hour,DE:04,90,7.7500721537272135,11.390833967079,-0.07896224975586029
test,raw_hourly,country_hour,DE:05,90,8.041633171929256,11.18385930017173,-0.3659627685546863
test,raw_hourly,country_hour,DE:06,90,9.23098813035753,12.868051918762268,-4.309178553263346
test,raw_hourly,country_hour,DE:07,90,9.45639271036784,13.65563471141316,-3.825619035508896
test,raw_hourly,country_hour,DE:08,90,11.897885584513347,15.677763146829804,-1.423117321438261
test,raw_hourly,country_hour,DE:09,90,14.107126676771378,18.985847520256765,2.6999164411756715
test,raw_hourly,country_hour,DE:10,90,16.42925775994195,20.458439493991985,4.473791488647461
test,raw_hourly,country_hour,DE:11,90,15.689643746270072,20.64366769152726,4.73393180847168
test,raw_hourly,country_hour,DE:12,90,14.625165724012586,18.989461012397857,4.2865198940700955
test,raw_hourly,country_hour,DE:13,90,15.169113057454428,18.841960390749684,4.441116865370009
test,raw_hourly,country_hour,DE:14,90,16.00385621303982,19.717836191580133,4.866816336737739
test,raw_hourly,country_hour,DE:15,90,15.598993699815537,19.84827463959782,5.513034800211589
test,raw_hourly,country_hour,DE:16,90,18.969524052937828,23.21606270025739,2.6052928890652116
test,raw_hourly,country_hour,DE:17,90,17.631564683702262,22.48141854021899,2.3747050170898434
test,raw_hourly,country_hour,DE:18,90,15.643256072998048,24.999248169330702,-2.078707122802735
test,raw_hourly,country_hour,DE:19,90,31.71125110880534,69.19658160226565,-14.859494082980687
test,raw_hourly,country_hour,DE:20,90,37.98436306762695,81.62627217483572,-15.718681250678168
test,raw_hourly,country_hour,DE:21,90,28.778159701877172,69.62945084951532,-11.56785175916884
test,raw_hourly,country_hour,DE:22,90,17.133463673909503,38.915560939377855,-7.581642683241104
test,raw_hourly,country_hour,DE:23,90,10.284666625976563,16.153220958689257,-1.8247839084201398
test,raw_hourly,country_negative,DE,165,13.652007360284978,17.893874186416273,8.365893716523141
test,raw_hourly,country_train_q95,DE,548,22.238902771664364,55.06162607948768,-12.78348299458079
test,raw_hourly,country,FR,2160,14.614868591485202,20.422073202861515,0.8407204642472441
test,raw_hourly,country_hour,FR:00,90,8.735890265570747,16.171403341800715,0.7078255479600709
test,raw_hourly,country_hour,FR:01,90,8.66164138115777,13.841499681888843,0.24021804131401991
test,raw_hourly,country_hour,FR:02,90,10.932558414035372,16.016745537823304,0.6409862840440533
test,raw_hourly,country_hour,FR:03,90,12.688002483791774,19.708351452759633,1.2338437177870019
test,raw_hourly,country_hour,FR:04,90,12.333103251139324,18.960011068852946,1.5398835517035587
test,raw_hourly,country_hour,FR:05,90,12.640578030056423,19.179277352984684,0.8030871582031245
test,raw_hourly,country_hour,FR:06,90,13.271116594102647,17.521678506829858,-2.7851059739854596
test,raw_hourly,country_hour,FR:07,90,12.40794290330675,17.066511641877725,-1.857816550360785
test,raw_hourly,country_hour,FR:08,90,13.496847515530057,18.088034951661424,-1.528477194892036
test,raw_hourly,country_hour,FR:09,90,15.153287962171767,18.849067463775967,0.6980909779866548
test,raw_hourly,country_hour,FR:10,90,19.023597685919867,23.517619466616885,4.111436983744304
test,raw_hourly,country_hour,FR:11,90,18.651475701226126,23.72271864511438,4.2738501569959855
test,raw_hourly,country_hour,FR:12,90,17.093851175096297,22.028472449364244,3.5493042661878795
test,raw_hourly,country_hour,FR:13,90,16.501900580512153,21.47936201387013,7.066779334174263
test,raw_hourly,country_hour,FR:14,90,15.88272725338406,20.302559425102004,5.287106349521214
test,raw_hourly,country_hour,FR:15,90,17.785417865329322,22.046664267147428,6.910603722466362
test,raw_hourly,country_hour,FR:16,90,21.702266795688203,26.267961846572803,5.632049096849229
test,raw_hourly,country_hour,FR:17,90,17.34990162150065,22.688817494591888,2.0862493896484375
test,raw_hourly,country_hour,FR:18,90,15.03123412153456,20.000256524364822,-1.6633033540513795
test,raw_hourly,country_hour,FR:19,90,17.824012040879992,27.55108154600727,-4.367786020914715
test,raw_hourly,country_hour,FR:20,90,18.876303165011937,28.23248660934046,-4.953336347791884
test,raw_hourly,country_hour,FR:21,90,14.039392517089842,19.494475042057744,-3.2244475572374136
test,raw_hourly,country_hour,FR:22,90,11.610490173339844,15.975575168925664,-4.449193027072483
test,raw_hourly,country_hour,FR:23,90,9.063306698269315,12.101398089949527,0.22544258965386144
test,raw_hourly,country_negative,FR,147,12.203204368020401,16.984244531676048,9.439245241645242
test,raw_hourly,country_train_q95,FR,1119,11.814169373158581,17.278843793383352,-4.537922690547504
test,raw_hourly,country,NL,2160,15.385109256744384,33.953725215047484,-1.1323048063207553
test,raw_hourly,country_hour,NL:00,90,7.800770697699653,12.045047465427237,-0.145413811577689
test,raw_hourly,country_hour,NL:01,90,7.218672617594399,11.166509097166486,-0.6757789747450066
test,raw_hourly,country_hour,NL:02,90,7.3838389451768665,11.369713939787053,-0.9586088426378038
test,raw_hourly,country_hour,NL:03,90,7.267923611111112,11.444615879245465,-0.7090421888563373
test,raw_hourly,country_hour,NL:04,90,7.193851243760853,11.133266432563868,0.4690815226236999
test,raw_hourly,country_hour,NL:05,90,7.536826792399089,11.41306275074653,0.037742848714193006
test,raw_hourly,country_hour,NL:06,90,9.454879564073352,13.502262257518211,-3.770150417751736
test,raw_hourly,country_hour,NL:07,90,10.263417424519858,14.8714720270285,-3.232211132473416
test,raw_hourly,country_hour,NL:08,90,12.64234829542372,16.815793728794066,-0.8803756018744595
test,raw_hourly,country_hour,NL:09,90,14.948610326131186,20.59434937223722,3.5253116370307063
test,raw_hourly,country_hour,NL:10,90,17.443597215440537,22.290454734782458,5.230065999348959
test,raw_hourly,country_hour,NL:11,90,17.03023592122396,21.92695869260664,4.587970014784072
test,raw_hourly,country_hour,NL:12,90,15.750180277506509,20.64246825509534,3.9921264512803822
test,raw_hourly,country_hour,NL:13,90,15.82225639851888,20.58437576243041,3.739671040852865
test,raw_hourly,country_hour,NL:14,90,16.3883062286377,20.703261040600786,4.5843567623562285
test,raw_hourly,country_hour,NL:15,90,16.176324696858725,20.44216083139194,5.439567474365235
test,raw_hourly,country_hour,NL:16,90,18.206722240871855,22.35872464681873,2.0295765431722
test,raw_hourly,country_hour,NL:17,90,16.153881669786237,21.271919511804533,2.392322035047744
test,raw_hourly,country_hour,NL:18,90,14.508519807603625,20.773993360816295,-1.5895761464436857
test,raw_hourly,country_hour,NL:19,90,29.486819129096144,61.27971255209946,-12.182479760064021
test,raw_hourly,country_hour,NL:20,90,39.28735934109158,89.89869396438787,-15.689437683105467
test,raw_hourly,country_hour,NL:21,90,31.90453386094835,84.57736756618452,-12.820349778917098
test,raw_hourly,country_hour,NL:22,90,19.00349662950304,49.043679901745406,-8.377249789767795
test,raw_hourly,country_hour,NL:23,90,10.369249226888023,17.899187200837275,-2.1724335530598955
test,raw_hourly,country_negative,NL,137,13.245592859644088,17.40938497645281,7.249817022615976
test,raw_hourly,country_train_q95,NL,744,19.51484018879552,52.17209781192926,-10.159526678105838
test,raw_hourly,hour,00,360,8.276637381659613,13.522727043214212,0.043431555853951115
test,raw_hourly,hour,01,360,7.637845190260146,11.80750405657571,-0.3141046947903093
test,raw_hourly,hour,02,360,8.349546948750815,12.869933552083497,-0.32970779334174294
test,raw_hourly,hour,03,360,8.774365980784099,14.299129942940073,-0.04451581276787656
test,raw_hourly,hour,04,360,8.833677196926542,14.029954624608932,0.8007832590738931
test,raw_hourly,hour,05,360,9.162641050550674,14.201200959450357,0.25166541883680554
test,raw_hourly,hour,06,360,10.478319843292237,14.809236039379362,-3.6038674473232692
test,raw_hourly,hour,07,360,10.769811016930474,15.342032770000035,-2.916719173431396
test,raw_hourly,hour,08,360,12.818347802903919,17.131189756835404,-1.1609615927802202
test,raw_hourly,hour,09,360,15.095169900258384,20.03052488291908,2.4744868032667378
test,raw_hourly,hour,10,360,18.043268055174085,23.012109543504376,4.665472505145603
test,raw_hourly,hour,11,360,17.742166684892442,23.163233062097394,4.288151781717937
test,raw_hourly,hour,12,360,16.405194727367824,21.65305118772553,3.376132139205932
test,raw_hourly,hour,13,360,16.345547251807318,21.26855986583223,4.616760445912679
test,raw_hourly,hour,14,360,16.928172052807277,21.83517851951883,4.239357090208266
test,raw_hourly,hour,15,360,17.32090730539958,22.06290955563469,5.491189807044135
test,raw_hourly,hour,16,360,19.698871832317778,24.381142568222337,3.075474855422973
test,raw_hourly,hour,17,360,16.9263558438619,22.189061443289315,2.3110443161858454
test,raw_hourly,hour,18,360,15.119518683751423,22.19069134539021,-1.9298878629472533
test,raw_hourly,hour,19,360,27.414018952263724,58.18458515793035,-11.419922738817005
test,raw_hourly,hour,20,360,34.54688650597466,80.08124796952083,-13.845915667215984
test,raw_hourly,hour,21,360,27.61340127987332,74.0633007098871,-11.081777819315594
test,raw_hourly,hour,22,360,17.201024418301053,44.5701947977448,-7.727948002285427
test,raw_hourly,hour,23,360,10.488813958062067,17.888976079315068,-2.0049601864284945
test,raw_hourly,negative,actual_lt_zero,522,12.853461905439238,17.340673391738274,7.986212775131751
test,raw_hourly,train_q95,actual_gt_train_q95,3403,17.223586159615596,44.52476916791843,-8.59432180668654
test,raw_quarterhour,overall,all,8640,15.215584724832466,31.57747646142116,-2.2567452284362584
test,raw_quarterhour,country,BE,2160,17.37383345296648,38.60174720530919,-4.055927500583508
test,raw_quarterhour,country_hour,BE:00,90,9.719017211066353,15.360240459325277,-0.43237221018473204
test,raw_quarterhour,country_hour,BE:01,90,8.868083553738066,13.239572907065044,-0.4557886352539062
test,raw_quarterhour,country_hour,BE:02,90,9.556397683037652,14.158834658115374,-0.03847452629937054
test,raw_quarterhour,country_hour,BE:03,90,9.402729684617784,14.575164432172866,0.642857502407499
test,raw_quarterhour,country_hour,BE:04,90,9.650546897040474,14.856976370828582,1.921037553575303
test,raw_quarterhour,country_hour,BE:05,90,9.657955341762968,15.051725258622945,1.213872840881347
test,raw_quarterhour,country_hour,BE:06,90,11.349672947353788,16.907015534199353,-0.36892744869656185
test,raw_quarterhour,country_hour,BE:07,90,13.199871331108938,18.005115905118572,-2.295756944444444
test,raw_quarterhour,country_hour,BE:08,90,15.174189974890814,20.491704351589107,-0.34421436352200074
test,raw_quarterhour,country_hour,BE:09,90,17.837476032680936,22.953533901794856,1.764194959852432
test,raw_quarterhour,country_hour,BE:10,90,20.218929164462622,25.04090712297163,1.3915429823133694
test,raw_quarterhour,country_hour,BE:11,90,19.797953569200303,25.193494141932813,-0.9292931365966808
test,raw_quarterhour,country_hour,BE:12,90,18.243350278642442,24.51068877305811,-4.810113858116998
test,raw_quarterhour,country_hour,BE:13,90,16.2982193675571,22.520405257186237,-3.301178450266521
test,raw_quarterhour,country_hour,BE:14,90,17.46411335457696,25.415526133601453,-6.130732779184975
test,raw_quarterhour,country_hour,BE:15,90,18.53780306455824,24.815167998261284,-6.325180241478814
test,raw_quarterhour,country_hour,BE:16,90,19.064723830752904,24.61532963306496,-2.063789535098606
test,raw_quarterhour,country_hour,BE:17,90,17.60118955951267,23.38461161478831,-3.4763201722039114
test,raw_quarterhour,country_hour,BE:18,90,15.767987946404352,23.317127443268127,-7.219078262329102
test,raw_quarterhour,country_hour,BE:19,90,29.70384914864435,63.47220482625012,-16.909274533165828
test,raw_quarterhour,country_hour,BE:20,90,41.55756971740723,99.83486933001954,-19.9677621629503
test,raw_quarterhour,country_hour,BE:21,90,35.11867410702176,96.73701774105388,-17.44342380862766
test,raw_quarterhour,country_hour,BE:22,90,20.480452251858182,60.18154018514692,-8.73136361524794
test,raw_quarterhour,country_hour,BE:23,90,12.70124685329861,25.11133828877793,-3.0327211693657765
test,raw_quarterhour,country_negative,BE,73,8.801925876565175,12.703925272069117,8.368915131451333
test,raw_quarterhour,country_train_q95,BE,992,19.574177458709286,52.06473299864287,-9.75598295277165
test,raw_quarterhour,country,DE,2160,14.468972646342383,31.051746811214922,-2.4895776409043204
test,raw_quarterhour,country_hour,DE:00,90,7.470342304653592,10.151169525137101,-0.5657245424058688
test,raw_quarterhour,country_hour,DE:01,90,7.025459124247233,10.046118431194655,-0.15039748213026105
test,raw_quarterhour,country_hour,DE:02,90,7.5501362669203,10.782148433673735,-0.09292192840576281
test,raw_quarterhour,country_hour,DE:03,90,7.754045661078562,10.948671636558453,-0.10854545084635545
test,raw_quarterhour,country_hour,DE:04,90,8.04463870493571,11.076705514046177,1.159677094353569
test,raw_quarterhour,country_hour,DE:05,90,8.107648195054797,10.932879928289369,0.6270503167046453
test,raw_quarterhour,country_hour,DE:06,90,8.860099898444282,12.411240146195746,-0.8520079608493377
test,raw_quarterhour,country_hour,DE:07,90,10.417545571221245,14.19360432193671,-2.429829698350693
test,raw_quarterhour,country_hour,DE:08,90,11.892985285017229,16.17669997472588,-1.0224424485100654
test,raw_quarterhour,country_hour,DE:09,90,13.00550402069092,18.185788391875516,2.4150450642903634
test,raw_quarterhour,country_hour,DE:10,90,15.111491558498805,19.227129767075724,3.100068013509114
test,raw_quarterhour,country_hour,DE:11,90,15.392526092529296,20.095678324265627,2.6429118813408743
test,raw_quarterhour,country_hour,DE:12,90,13.949339185926648,18.141585428053673,-1.5690767542521153
test,raw_quarterhour,country_hour,DE:13,90,12.129004976908366,16.8987941031384,-1.0735723470052072
test,raw_quarterhour,country_hour,DE:14,90,12.867234985351562,18.802763896711053,-2.3490667487250434
test,raw_quarterhour,country_hour,DE:15,90,14.055921590169273,19.31835471787706,-2.9850704820421003
test,raw_quarterhour,country_hour,DE:16,90,17.832678165011938,22.147824063670743,1.4330743543836797
test,raw_quarterhour,country_hour,DE:17,90,16.961362645043266,21.508601176240607,-0.5101959766811799
test,raw_quarterhour,country_hour,DE:18,90,15.912866846296525,24.913469389792134,-6.399316544002957
test,raw_quarterhour,country_hour,DE:19,90,30.64521252950032,68.1452779845353,-17.20718894619412
test,raw_quarterhour,country_hour,DE:20,90,37.73208498213026,81.48544896029131,-16.72902389102512
test,raw_quarterhour,country_hour,DE:21,90,28.171325343661838,69.5671376113141,-11.599667669508191
test,raw_quarterhour,country_hour,DE:22,90,16.324879057142464,38.15754152290933,-4.823905417548286
test,raw_quarterhour,country_hour,DE:23,90,10.041010521782772,15.582706280410616,-0.6597358178032776
test,raw_quarterhour,country_negative,DE,165,8.561160823244036,12.5672245115618,7.6976807623198535
test,raw_quarterhour,country_train_q95,DE,548,22.213134334313608,54.80221611427413,-12.675226055897067
test,raw_quarterhour,country,FR,2160,13.623897684627108,19.916449195247115,0.24031479459338695
test,raw_quarterhour,country_hour,FR:00,90,8.509305336846245,16.374676414832436,1.66832948642307
test,raw_quarterhour,country_hour,FR:01,90,7.647502097235786,12.776481683169333,0.697953653971355
test,raw_quarterhour,country_hour,FR:02,90,10.04614225938585,14.710966586406705,1.253582117716471
test,raw_quarterhour,country_hour,FR:03,90,11.500498945448134,18.75841971427872,2.6623379804823144
test,raw_quarterhour,country_hour,FR:04,90,11.412781313154435,18.24204657738634,3.185679384443495
test,raw_quarterhour,country_hour,FR:05,90,12.062678170522053,18.904991092102026,3.207137783898247
test,raw_quarterhour,country_hour,FR:06,90,12.049546151055228,17.782211088101775,1.5293520677354606
test,raw_quarterhour,country_hour,FR:07,90,13.361003911336265,18.40450857293942,-0.11775256517198353
test,raw_quarterhour,country_hour,FR:08,90,13.75231901380751,18.900671343360386,0.5579210781521264
test,raw_quarterhour,country_hour,FR:09,90,13.808592092937893,18.435563751635748,1.1996971827612997
test,raw_quarterhour,country_hour,FR:10,90,17.088889128155177,22.4941400791315,2.1439661312103273
test,raw_quarterhour,country_hour,FR:11,90,16.441885821024577,21.8074304948024,1.1045756997002492
test,raw_quarterhour,country_hour,FR:12,90,13.99420603688558,20.081406709012157,-3.3244647416008837
test,raw_quarterhour,country_hour,FR:13,90,12.773717738469443,19.042330719785152,-0.9673090284135604
test,raw_quarterhour,country_hour,FR:14,90,13.45798960876465,18.976939437638322,-3.4391706097920722
test,raw_quarterhour,country_hour,FR:15,90,14.307377797868519,19.979665694533125,-2.6891870413886174
test,raw_quarterhour,country_hour,FR:16,90,19.341153090582953,25.163040966494407,2.15688590198093
test,raw_quarterhour,country_hour,FR:17,90,18.983781480365327,24.199742820467765,0.7650942389170327
test,raw_quarterhour,country_hour,FR:18,90,15.523018151601157,20.5295928449481,-3.8266310585869694
test,raw_quarterhour,country_hour,FR:19,90,19.045496898227267,28.219353313381923,-5.138310321384008
test,raw_quarterhour,country_hour,FR:20,90,18.753912804497606,28.6944528762577,-1.5142113715277787
test,raw_quarterhour,country_hour,FR:21,90,13.738757167392308,19.293207778611325,0.5892390891181094
test,raw_quarterhour,country_hour,FR:22,90,10.644567150539823,14.819405868568714,0.9733979068332246
test,raw_quarterhour,country_hour,FR:23,90,8.72842226494683,10.933373675182954,3.0894421047634535
test,raw_quarterhour,country_negative,FR,147,6.681621262167587,11.579850948110721,5.37043728289961
test,raw_quarterhour,country_train_q95,FR,1119,11.508546320529149,17.43444784242401,-3.512466762293866
test,raw_quarterhour,country,NL,2160,15.395635115393883,33.72798930872073,-2.7217905668505913
test,raw_quarterhour,country_hour,NL:00,90,8.38094834815131,12.430202162336789,-0.12010742780897156
test,raw_quarterhour,country_hour,NL:01,90,7.861765197753907,11.4329794981583,-0.15811150105794067
test,raw_quarterhour,country_hour,NL:02,90,8.362228605482313,11.807982966664017,-0.06647525702582457
test,raw_quarterhour,country_hour,NL:03,90,8.288079011705186,12.111940597903876,0.34391428629557247
test,raw_quarterhour,country_hour,NL:04,90,8.267776585896808,11.803828638670435,1.676288799709746
test,raw_quarterhour,country_hour,NL:05,90,8.61581265174018,12.174044643047072,1.152525627136231
test,raw_quarterhour,country_hour,NL:06,90,9.994474450429282,14.079110568909181,-0.011921193864610302
test,raw_quarterhour,country_hour,NL:07,90,11.500359503851996,16.011801770333403,-1.9113992462158207
test,raw_quarterhour,country_hour,NL:08,90,13.20729057015313,18.44205722664254,-0.09898813501994018
test,raw_quarterhour,country_hour,NL:09,90,15.26024486117893,21.686343867213928,3.568302194383409
test,raw_quarterhour,country_hour,NL:10,90,16.775444566090904,21.47589463546611,3.948137714385987
test,raw_quarterhour,country_hour,NL:11,90,16.842744616614446,21.43653971380695,2.049075138939752
test,raw_quarterhour,country_hour,NL:12,90,15.201068255106605,19.82115762294461,-1.9537296006944442
test,raw_quarterhour,country_hour,NL:13,90,13.361105315314399,18.530143140590134,-1.837241754319932
test,raw_quarterhour,country_hour,NL:14,90,13.852633953094482,19.690090832146897,-3.282482402801513
test,raw_quarterhour,country_hour,NL:15,90,14.647277016957602,20.200386418534517,-3.826959881676568
test,raw_quarterhour,country_hour,NL:16,90,17.68540236706204,21.35506840096434,-0.5075378227233889
test,raw_quarterhour,country_hour,NL:17,90,16.99402688047621,21.59540484704024,-2.4071789919535314
test,raw_quarterhour,country_hour,NL:18,90,14.968210948096385,21.329309056836237,-7.0816739268832745
test,raw_quarterhour,country_hour,NL:19,90,28.78746908738878,59.872557178403646,-15.286294033474395
test,raw_quarterhour,country_hour,NL:20,90,39.480971577962244,89.48052436300684,-17.264968858506947
test,raw_quarterhour,country_hour,NL:21,90,31.738035576714406,84.02787357946221,-13.7470095960829
test,raw_quarterhour,country_hour,NL:22,90,18.64726479254828,48.278450500920584,-6.81700304667155
test,raw_quarterhour,country_hour,NL:23,90,10.774608029683433,19.102390203197736,-1.6821346884833437
test,raw_quarterhour,country_negative,NL,137,8.408808565905494,12.934621022451026,7.784335048703382
test,raw_quarterhour,country_train_q95,NL,744,20.02807464035608,51.83236204009417,-10.275963618473341
test,raw_quarterhour,hour,00,360,8.519903300179376,13.798760661590205,0.13753132650587446
test,raw_quarterhour,hour,01,360,7.850702493243746,11.93903566772406,-0.01658599111768824
test,raw_quarterhour,hour,02,360,8.87872620370653,12.966961125963786,0.26392760149637823
test,raw_quarterhour,hour,03,360,9.236338325712417,14.412548734126183,0.8851410795847575
test,raw_quarterhour,hour,04,360,9.343935875256857,14.278706049489296,1.9856707080205285
test,raw_quarterhour,hour,05,360,9.61102358977,14.591850019367154,1.5501466421551175
test,raw_quarterhour,hour,06,360,10.563448361820644,15.445990109358311,0.07412386608123775
test,raw_quarterhour,hour,07,360,12.119695079379612,16.738774851735016,-1.688684613545735
test,raw_quarterhour,hour,08,360,13.50669621096717,18.567043526674592,-0.22693096722497
test,raw_quarterhour,hour,09,360,14.977954251872168,20.41907894092308,2.2368098503218756
test,raw_quarterhour,hour,10,360,17.298688604301876,22.158124564787137,2.6459287103546996
test,raw_quarterhour,hour,11,360,17.11877752484216,22.212821151753904,1.216817395846049
test,raw_quarterhour,hour,12,360,15.34699093914032,20.772771666892815,-2.9143462386661105
test,raw_quarterhour,hour,13,360,13.640511849562326,19.35661682177828,-1.7948253950013053
test,raw_quarterhour,hour,14,360,14.410492975446914,20.900459362184044,-3.8003631351259015
test,raw_quarterhour,hour,15,360,15.387094867388406,21.19100071086233,-3.956599411646525
test,raw_quarterhour,hour,16,360,18.48098936335246,23.3755114424856,0.254658224635653
test,raw_quarterhour,hour,17,360,17.63509014134937,22.701591618306306,-1.4071502254803971
test,raw_quarterhour,hour,18,360,15.543020973099603,22.587457783375587,-6.131674947950576
test,raw_quarterhour,hour,19,360,27.045506915940177,57.12607701742202,-13.635266958554588
test,raw_quarterhour,hour,20,360,34.38113477049934,79.74492992120055,-13.868991571002539
test,raw_quarterhour,hour,21,360,27.191698048697578,73.53663821786259,-10.550215496275161
test,raw_quarterhour,hour,22,360,16.524290813022187,43.669896173440264,-4.8497185431586365
test,raw_quarterhour,hour,23,360,10.561321917427911,18.424440405826452,-0.5712873927222362
test,raw_quarterhour,negative,actual_lt_zero,522,8.0255502373414,12.41624161588777,7.158920139151971
test,raw_quarterhour,train_q95,actual_gt_train_q95,3403,17.446174704478555,44.28491661709053,-8.286725303241866
test,residual_quarterhour,overall,all,8640,14.399117855166695,30.251214080648275,-1.866683734530889
test,residual_quarterhour,country,BE,2160,16.47982364980868,37.25034620217212,-2.5872492507515314
test,residual_quarterhour,country_hour,BE:00,90,10.889312250020758,18.331452603924262,-0.16024122117373893
test,residual_quarterhour,country_hour,BE:01,90,9.695308167689197,15.763571475028485,-0.6200426787259468
test,residual_quarterhour,country_hour,BE:02,90,9.487525475142279,15.036503953447031,-0.13194034814138716
test,residual_quarterhour,country_hour,BE:03,90,9.331093946795267,14.792886117585235,-0.14749686862039338
test,residual_quarterhour,country_hour,BE:04,90,9.63458719140987,15.58473804497385,0.60612630754599
test,residual_quarterhour,country_hour,BE:05,90,9.980172056911982,16.368755579739034,0.2141375152329003
test,residual_quarterhour,country_hour,BE:06,90,12.327689300340495,20.005255788596227,0.2091419858533434
test,residual_quarterhour,country_hour,BE:07,90,13.57488302606156,19.597943465449205,-1.7369827577529142
test,residual_quarterhour,country_hour,BE:08,90,14.61849841845788,19.418019866152726,-1.9690758267962716
test,residual_quarterhour,country_hour,BE:09,90,15.419075476837351,20.760747720307346,0.5526939684593078
test,residual_quarterhour,country_hour,BE:10,90,15.259680891338975,20.978941566907253,0.6031317683848376
test,residual_quarterhour,country_hour,BE:11,90,16.04196196578663,21.57713273776652,-1.0834535727707615
test,residual_quarterhour,country_hour,BE:12,90,15.886512082926238,21.75056365017936,-3.55093098255194
test,residual_quarterhour,country_hour,BE:13,90,14.306233075286597,19.814504590382853,-1.3898479339315033
test,residual_quarterhour,country_hour,BE:14,90,15.05330003891754,22.262743630810444,-3.1912012279945228
test,residual_quarterhour,country_hour,BE:15,90,14.09459060132961,20.771380191097983,-3.0198405851803893
test,residual_quarterhour,country_hour,BE:16,90,14.83025321531332,20.656697681136837,0.18571415063139465
test,residual_quarterhour,country_hour,BE:17,90,15.027247162659476,21.76577928786318,-0.759037417689332
test,residual_quarterhour,country_hour,BE:18,90,15.424225678996867,23.832872655002234,-4.9291932264672695
test,residual_quarterhour,country_hour,BE:19,90,30.839449807349986,62.86701093882661,-12.678061729025684
test,residual_quarterhour,country_hour,BE:20,90,42.02014934963466,96.46499209937036,-13.222274607238276
test,residual_quarterhour,country_hour,BE:21,90,35.71910272693165,92.71306680427585,-10.296725561766028
test,residual_quarterhour,country_hour,BE:22,90,22.199115562899856,58.759280171668195,-4.309580827501587
test,residual_quarterhour,country_hour,BE:23,90,13.855800126370246,26.39008967407118,-1.2690003408165749
test,residual_quarterhour,country_negative,BE,73,4.675106571150041,6.94707408375881,3.557547286970335
test,residual_quarterhour,country_train_q95,BE,992,20.13475921610145,50.760523738169816,-7.561986116183582
test,residual_quarterhour,country,DE,2160,13.45862791036252,29.33440623913753,-2.795092496379868
test,residual_quarterhour,country_hour,DE:00,90,7.836921558758802,10.784598315054756,-0.7483090228465119
test,residual_quarterhour,country_hour,DE:01,90,7.2221268622821055,10.301794553244248,-0.9082540387661235
test,residual_quarterhour,country_hour,DE:02,90,7.395081813754384,10.827732958214424,-0.8641900540330539
test,residual_quarterhour,country_hour,DE:03,90,7.681882969184387,10.814937774087861,-1.3292319124546468
test,residual_quarterhour,country_hour,DE:04,90,8.018211843816884,10.938290125178234,-0.6151044547828977
test,residual_quarterhour,country_hour,DE:05,90,8.242206339571474,10.914082588169899,-1.1992897054657436
test,residual_quarterhour,country_hour,DE:06,90,9.333744730698127,12.565243128371666,-1.8453105618765449
test,residual_quarterhour,country_hour,DE:07,90,10.582986215687397,13.830970132569732,-3.414524508191174
test,residual_quarterhour,country_hour,DE:08,90,11.549129722859256,15.540850230906768,-2.8815679822224176
test,residual_quarterhour,country_hour,DE:09,90,11.582680412587425,16.313784149477318,0.026855845572147135
test,residual_quarterhour,country_hour,DE:10,90,11.812643338675953,15.883267265509197,0.5003521878094289
test,residual_quarterhour,country_hour,DE:11,90,12.706552645031305,18.206073084984865,0.1960940066798949
test,residual_quarterhour,country_hour,DE:12,90,11.93804454528578,16.214317595625978,-3.1042583194661058
test,residual_quarterhour,country_hour,DE:13,90,10.007390314213382,14.775995061793648,-1.7073493938750792
test,residual_quarterhour,country_hour,DE:14,90,10.625517554298158,16.666040357030674,-2.5557938344225004
test,residual_quarterhour,country_hour,DE:15,90,11.240892199748412,16.73936158914711,-2.881135540041748
test,residual_quarterhour,country_hour,DE:16,90,13.463962174199033,18.559695973905402,1.1291442271861871
test,residual_quarterhour,country_hour,DE:17,90,14.35960916477236,19.255331379550007,-0.5351129393621082
test,residual_quarterhour,country_hour,DE:18,90,15.89373562111293,24.58471449029925,-6.294072155115885
test,residual_quarterhour,country_hour,DE:19,90,30.534207248352217,66.14313880266877,-15.358249779066794
test,residual_quarterhour,country_hour,DE:20,90,36.45748020524977,77.06309009641457,-12.212816406143984
test,residual_quarterhour,country_hour,DE:21,90,27.169318054827826,65.17000842930874,-7.044280372904121
test,residual_quarterhour,country_hour,DE:22,90,16.8809443299939,36.62496600057908,-2.7649039258951724
test,residual_quarterhour,country_hour,DE:23,90,10.471799983739242,15.975308431928246,-0.670911273431869
test,residual_quarterhour,country_negative,DE,165,4.9469891187214605,7.46924337687673,2.878672721152053
test,residual_quarterhour,country_train_q95,DE,548,22.214667225640554,52.258229663908445,-10.722802776682487
test,residual_quarterhour,country,FR,2160,13.151559893302965,19.49140119881143,0.2956712439354499
test,residual_quarterhour,country_hour,FR:00,90,9.044026767153575,17.00158261927757,0.36589187241558363
test,residual_quarterhour,country_hour,FR:01,90,7.984018154430971,13.099264374805404,-0.37333860198758784
test,residual_quarterhour,country_hour,FR:02,90,9.753176111100364,14.090185016680971,0.7186895909442733
test,residual_quarterhour,country_hour,FR:03,90,10.868174801831346,17.104320284300453,1.8397814624529412
test,residual_quarterhour,country_hour,FR:04,90,10.728746539438635,16.86201069851524,1.8099854734217187
test,residual_quarterhour,country_hour,FR:05,90,10.910271704281975,17.601582625822164,1.9988321735999461
test,residual_quarterhour,country_hour,FR:06,90,11.837905164949479,17.004871075322647,0.652541597681857
test,residual_quarterhour,country_hour,FR:07,90,13.485686446264282,17.83760908075252,-0.7063190249937011
test,residual_quarterhour,country_hour,FR:08,90,13.587290468628092,18.70570186500875,-0.4954300653482376
test,residual_quarterhour,country_hour,FR:09,90,12.747638251059536,17.171487109527487,0.5650569094424399
test,residual_quarterhour,country_hour,FR:10,90,15.205296085065207,21.40501720233826,2.1025126940685044
test,residual_quarterhour,country_hour,FR:11,90,14.706596379531824,20.210189387659383,1.2540404929946811
test,residual_quarterhour,country_hour,FR:12,90,13.007310376180758,18.50850700810265,-1.8769477724558616
test,residual_quarterhour,country_hour,FR:13,90,12.49582477361633,19.3521953323314,0.32376777988414257
test,residual_quarterhour,country_hour,FR:14,90,12.667315663146663,18.130821786187294,-1.704725303482119
test,residual_quarterhour,country_hour,FR:15,90,13.23057058742037,18.988357550080654,-0.6474630408356383
test,residual_quarterhour,country_hour,FR:16,90,17.729369013941252,23.756762208630978,3.516845014691098
test,residual_quarterhour,country_hour,FR:17,90,17.676450160685683,23.18826122537322,3.1535625689137357
test,residual_quarterhour,country_hour,FR:18,90,14.987893524049943,20.581877783703455,-0.23423786813348263
test,residual_quarterhour,country_hour,FR:19,90,18.50289452874278,27.702644133627807,-1.9982527330282172
test,residual_quarterhour,country_hour,FR:20,90,20.02834705675791,30.21658196283238,-1.6480595898009682
test,residual_quarterhour,country_hour,FR:21,90,14.44259169065071,21.264242164483083,-0.6925718726691757
test,residual_quarterhour,country_hour,FR:22,90,11.096693616979628,15.997226882418108,-0.7495470633965176
test,residual_quarterhour,country_hour,FR:23,90,8.91334957336388,11.520922273970408,-0.07850483992861462
test,residual_quarterhour,country_negative,FR,147,6.083159072745953,10.07533745769597,2.068104876075181
test,residual_quarterhour,country_train_q95,FR,1119,11.58508801590975,17.755914691071737,-3.1937318750145933
test,residual_quarterhour,country,NL,2160,14.506459967192608,32.1330579175931,-2.380064434927609
test,residual_quarterhour,country_hour,NL:00,90,8.801418424314338,13.56422952409673,-0.1084038577845195
test,residual_quarterhour,country_hour,NL:01,90,8.247799135320218,11.643505573424394,-0.7926023839420291
test,residual_quarterhour,country_hour,NL:02,90,8.39244111652041,11.740939668751663,-0.6872023881823548
test,residual_quarterhour,country_hour,NL:03,90,8.56360831270002,12.069485023500548,-0.7404754347365828
test,residual_quarterhour,country_hour,NL:04,90,8.568233111058833,11.668747273454445,0.009826684935072352
test,residual_quarterhour,country_hour,NL:05,90,8.931152131677635,12.181955030238877,-0.4366915732482838
test,residual_quarterhour,country_hour,NL:06,90,10.623867890913125,15.31134526898193,-0.2434277408976546
test,residual_quarterhour,country_hour,NL:07,90,11.53905917222713,16.241486359957356,-2.265715804329969
test,residual_quarterhour,country_hour,NL:08,90,13.379481619152122,17.62958994894663,-2.106771819458191
test,residual_quarterhour,country_hour,NL:09,90,14.553545573289956,20.295459604948864,1.8603772431223016
test,residual_quarterhour,country_hour,NL:10,90,13.632973403670157,18.302713508413294,2.030373030638019
test,residual_quarterhour,country_hour,NL:11,90,14.608833972153349,20.669705937835175,0.642157460286564
test,residual_quarterhour,country_hour,NL:12,90,13.288779943627262,19.202641940901533,-2.8062623761221164
test,residual_quarterhour,country_hour,NL:13,90,11.231052227567861,16.801548350859903,-1.8873293033979
test,residual_quarterhour,country_hour,NL:14,90,11.975898613090749,17.957706377085657,-3.214420397332473
test,residual_quarterhour,country_hour,NL:15,90,11.968551786726614,17.352826371436112,-2.8439434142158273
test,residual_quarterhour,country_hour,NL:16,90,13.355582865955895,17.699546670421316,1.162347964997413
test,residual_quarterhour,country_hour,NL:17,90,14.224002906460967,19.7947669113674,-0.10410357525310271
test,residual_quarterhour,country_hour,NL:18,90,14.80441183841084,21.96116660799979,-5.814496560429533
test,residual_quarterhour,country_hour,NL:19,90,28.879350353787697,58.84825655263746,-12.787808788214582
test,residual_quarterhour,country_hour,NL:20,90,37.702475524627054,85.14967420084233,-12.42992565212734
test,residual_quarterhour,country_hour,NL:21,90,30.95066194733663,79.37585535987657,-8.260976526300093
test,residual_quarterhour,country_hour,NL:22,90,19.133601328595116,45.83750895811872,-4.138058172428291
test,residual_quarterhour,country_hour,NL:23,90,10.798256013438646,18.242321837200688,-1.1580130538411415
test,residual_quarterhour,country_negative,NL,137,5.245285388896611,9.472928955588449,3.3764352073700925
test,residual_quarterhour,country_train_q95,NL,744,20.15924799066437,49.712231713413715,-8.745552759489563
test,residual_quarterhour,hour,00,360,9.142919750061868,15.210126967989963,-0.1627655573472969
test,residual_quarterhour,hour,01,360,8.287313079930621,12.862533827603675,-0.673559425855422
test,residual_quarterhour,hour,02,360,8.75705612912936,13.035712775544711,-0.24116079985313052
test,residual_quarterhour,hour,03,360,9.111190007627755,13.910630825610268,-0.09435568833967045
test,residual_quarterhour,hour,04,360,9.237444671431055,13.991223307145267,0.45270850277997077
test,residual_quarterhour,hour,05,360,9.515950558110767,14.536755976343537,0.1442471025297048
test,residual_quarterhour,hour,06,360,11.030801771725308,16.444592791223002,-0.3067636798097497
test,residual_quarterhour,hour,07,360,12.295653715060093,17.00985963920194,-2.030885523816939
test,residual_quarterhour,hour,08,360,13.283600057274336,17.883534643998434,-1.863211423456279
test,residual_quarterhour,hour,09,360,13.575734928443568,18.734419188426713,0.7512459916490489
test,residual_quarterhour,hour,10,360,13.977648429687573,19.27147017937887,1.3090924202251975
test,residual_quarterhour,hour,11,360,14.515986240625777,20.203478988782138,0.25220959679759447
test,residual_quarterhour,hour,12,360,13.530161737005013,19.021681073000522,-2.834599862649006
test,residual_quarterhour,hour,13,360,12.010125097671043,17.802697221175826,-1.1651897128300848
test,residual_quarterhour,hour,14,360,12.580507967363276,18.871887638240327,-2.6665351908079034
test,residual_quarterhour,hour,15,360,12.633651293806249,18.529265817769634,-2.348095645068401
test,residual_quarterhour,hour,16,360,14.844791817352375,20.30282724591297,1.4985128393765235
test,residual_quarterhour,hour,17,360,15.321827348644623,21.059707917465108,0.4388271591522982
test,residual_quarterhour,hour,18,360,15.277566665642647,22.794300479762004,-4.317999952536543
test,residual_quarterhour,hour,19,360,27.18897548455817,56.03063819539073,-10.705593257333819
test,residual_quarterhour,hour,20,360,34.05211303406735,76.49791402052388,-9.878269063827641
test,residual_quarterhour,hour,21,360,27.070418604936705,69.99203019607324,-6.573638583409855
test,residual_quarterhour,hour,22,360,17.327588709617128,42.281880387020834,-2.990522497305392
test,residual_quarterhour,hour,23,360,11.009801424228003,18.82260123200054,-0.7941073770045501
test,residual_quarterhour,negative,actual_lt_zero,522,5.307211621179089,8.747699048260225,2.875986573049191
test,residual_quarterhour,train_q95,actual_gt_train_q95,3403,17.66368286126388,42.835184539124946,-6.89334803704898
test,full_quarterhour,overall,all,8640,14.431152721824722,30.286386319904057,-1.8261595388744738
test,full_quarterhour,country,BE,2160,16.47982364980868,37.25034620217212,-2.5872492507515314
test,full_quarterhour,country_hour,BE:00,90,10.889312250020758,18.331452603924262,-0.16024122117373893
test,full_quarterhour,country_hour,BE:01,90,9.695308167689197,15.763571475028485,-0.6200426787259468
test,full_quarterhour,country_hour,BE:02,90,9.487525475142279,15.036503953447031,-0.13194034814138716
test,full_quarterhour,country_hour,BE:03,90,9.331093946795267,14.792886117585235,-0.14749686862039338
test,full_quarterhour,country_hour,BE:04,90,9.63458719140987,15.58473804497385,0.60612630754599
test,full_quarterhour,country_hour,BE:05,90,9.980172056911982,16.368755579739034,0.2141375152329003
test,full_quarterhour,country_hour,BE:06,90,12.327689300340495,20.005255788596227,0.2091419858533434
test,full_quarterhour,country_hour,BE:07,90,13.57488302606156,19.597943465449205,-1.7369827577529142
test,full_quarterhour,country_hour,BE:08,90,14.61849841845788,19.418019866152726,-1.9690758267962716
test,full_quarterhour,country_hour,BE:09,90,15.419075476837351,20.760747720307346,0.5526939684593078
test,full_quarterhour,country_hour,BE:10,90,15.259680891338975,20.978941566907253,0.6031317683848376
test,full_quarterhour,country_hour,BE:11,90,16.04196196578663,21.57713273776652,-1.0834535727707615
test,full_quarterhour,country_hour,BE:12,90,15.886512082926238,21.75056365017936,-3.55093098255194
test,full_quarterhour,country_hour,BE:13,90,14.306233075286597,19.814504590382853,-1.3898479339315033
test,full_quarterhour,country_hour,BE:14,90,15.05330003891754,22.262743630810444,-3.1912012279945228
test,full_quarterhour,country_hour,BE:15,90,14.09459060132961,20.771380191097983,-3.0198405851803893
test,full_quarterhour,country_hour,BE:16,90,14.83025321531332,20.656697681136837,0.18571415063139465
test,full_quarterhour,country_hour,BE:17,90,15.027247162659476,21.76577928786318,-0.759037417689332
test,full_quarterhour,country_hour,BE:18,90,15.424225678996867,23.832872655002234,-4.9291932264672695
test,full_quarterhour,country_hour,BE:19,90,30.839449807349986,62.86701093882661,-12.678061729025684
test,full_quarterhour,country_hour,BE:20,90,42.02014934963466,96.46499209937036,-13.222274607238276
test,full_quarterhour,country_hour,BE:21,90,35.71910272693165,92.71306680427585,-10.296725561766028
test,full_quarterhour,country_hour,BE:22,90,22.199115562899856,58.759280171668195,-4.309580827501587
test,full_quarterhour,country_hour,BE:23,90,13.855800126370246,26.39008967407118,-1.2690003408165749
test,full_quarterhour,country_negative,BE,73,4.675106571150041,6.94707408375881,3.557547286970335
test,full_quarterhour,country_train_q95,BE,992,20.13475921610145,50.760523738169816,-7.561986116183582
test,full_quarterhour,country,DE,2160,13.49708572942078,29.37000871362763,-2.756634677321609
test,full_quarterhour,country_hour,DE:00,90,7.869245059621622,10.860756016952179,-0.7159855219836925
test,full_quarterhour,country_hour,DE:01,90,7.269299596231696,10.343871736311755,-0.8610813048165328
test,full_quarterhour,country_hour,DE:02,90,7.444988086793979,10.850344111636753,-0.8142837809934586
test,full_quarterhour,country_hour,DE:03,90,7.732081323242067,10.828984539383603,-1.2790335583969665
test,full_quarterhour,country_hour,DE:04,90,8.06961615654222,10.951957635697473,-0.5637001420575609
test,full_quarterhour,country_hour,DE:05,90,8.293323966067016,10.952444191227737,-1.1481720789702028
test,full_quarterhour,country_hour,DE:06,90,9.366594769986817,12.65389606051554,-1.8124605225878583
test,full_quarterhour,country_hour,DE:07,90,10.62602388262101,13.93138077898119,-3.37148684125756
test,full_quarterhour,country_hour,DE:08,90,11.599968075488889,15.64242723999496,-2.8307296295927817
test,full_quarterhour,country_hour,DE:09,90,11.631907123496859,16.37819715356094,0.0760825564815798
test,full_quarterhour,country_hour,DE:10,90,11.858717037753093,15.944070764042031,0.5464258868865707
test,full_quarterhour,country_hour,DE:11,90,12.751525086689119,18.245895209351144,0.2410664483377094
test,full_quarterhour,country_hour,DE:12,90,11.982538588762658,16.278179854738678,-3.05976427598923
test,full_quarterhour,country_hour,DE:13,90,10.051559613416062,14.8541855364807,-1.6631800946724007
test,full_quarterhour,country_hour,DE:14,90,10.667456173810423,16.737765244930927,-2.5138552149102362
test,full_quarterhour,country_hour,DE:15,90,11.279424687264422,16.777230183660983,-2.842603052525738
test,full_quarterhour,country_hour,DE:16,90,13.503723002882326,18.606767168045508,1.1689050558694793
test,full_quarterhour,country_hour,DE:17,90,14.404538862906909,19.31607786697352,-0.49018324122755974
test,full_quarterhour,country_hour,DE:18,90,15.934043468340608,24.651507742886917,-6.253764307888206
test,full_quarterhour,country_hour,DE:19,90,30.55104640770787,66.17428682713424,-15.341410619711139
test,full_quarterhour,country_hour,DE:20,90,36.464739326393286,77.08476584762103,-12.205557285000472
test,full_quarterhour,country_hour,DE:21,90,27.176577175971342,65.19315363592005,-7.037021251760606
test,full_quarterhour,country_hour,DE:22,90,16.89223885755664,36.66843122866162,-2.753609398332431
test,full_quarterhour,country_hour,DE:23,90,10.508881176551796,16.06655856296338,-0.6338300806193166
test,full_quarterhour,country_negative,DE,165,4.9469891187214605,7.46924337687673,2.878672721152053
test,full_quarterhour,country_train_q95,DE,548,22.22698070868096,52.28228826176709,-10.71048929364208
test,full_quarterhour,country,FR,2160,13.173828041854295,19.518169641289564,0.3001226687763377
test,full_quarterhour,country_hour,FR:00,90,9.08058192399441,17.006021073903092,0.35270783454100074
test,full_quarterhour,country_hour,FR:01,90,8.012820183905742,13.11839121090414,-0.3880673597015036
test,full_quarterhour,country_hour,FR:02,90,9.778432289474644,14.097586288429452,0.658344797690981
test,full_quarterhour,country_hour,FR:03,90,10.882758202099046,17.114008853194903,1.766922290708569
test,full_quarterhour,country_hour,FR:04,90,10.725759779234686,16.863143184632467,1.7558639544451056
test,full_quarterhour,country_hour,FR:05,90,10.911344870531005,17.60110683821035,1.9648432360022174
test,full_quarterhour,country_hour,FR:06,90,11.844004090431136,17.011471019589035,0.6434826170052763
test,full_quarterhour,country_hour,FR:07,90,13.491886152596445,17.85404372646092,-0.6953179171868078
test,full_quarterhour,country_hour,FR:08,90,13.59966460146919,18.765576174002863,-0.48900320423247445
test,full_quarterhour,country_hour,FR:09,90,12.798867752200895,17.240432775669625,0.5268336721252754
test,full_quarterhour,country_hour,FR:10,90,15.264004352708572,21.470285633550617,2.0573717028235388
test,full_quarterhour,country_hour,FR:11,90,14.74520391604659,20.22845317064607,1.2262759501045988
test,full_quarterhour,country_hour,FR:12,90,13.019055326547507,18.536643699244635,-1.855756042053541
test,full_quarterhour,country_hour,FR:13,90,12.537077277075353,19.400146248906342,0.35939793409773446
test,full_quarterhour,country_hour,FR:14,90,12.671914797365867,18.178530325237432,-1.6531489993725474
test,full_quarterhour,country_hour,FR:15,90,13.231794617442192,19.016229569467885,-0.6059190161642066
test,full_quarterhour,country_hour,FR:16,90,17.763666422693884,23.803529935352955,3.5028749679815006
test,full_quarterhour,country_hour,FR:17,90,17.758934432649305,23.280876549657766,3.132497230245364
test,full_quarterhour,country_hour,FR:18,90,14.978500717709757,20.673533265723705,-0.17288428295696862
test,full_quarterhour,country_hour,FR:19,90,18.50818646544869,27.662482008849913,-1.8976556025163658
test,full_quarterhour,country_hour,FR:20,90,20.03551779728131,30.18670742732802,-1.5652784382807439
test,full_quarterhour,country_hour,FR:21,90,14.450857455963357,21.27192005629061,-0.6464498417572839
test,full_quarterhour,country_hour,FR:22,90,11.125017181620871,15.998532946088488,-0.7138980637280989
test,full_quarterhour,country_hour,FR:23,90,8.95602239801263,11.630701665520709,-0.06109336918851337
test,full_quarterhour,country_negative,FR,147,6.083159072745953,10.07533745769597,2.068104876075181
test,full_quarterhour,country_train_q95,FR,1119,11.600330491648865,17.7675496862212,-3.180387704805582
test,full_quarterhour,country,NL,2160,14.573873466215137,32.21670583885769,-2.2608768962010943
test,full_quarterhour,country_hour,NL:00,90,8.883964653891214,13.851319550497786,0.008339481849199772
test,full_quarterhour,country_hour,NL:01,90,8.327033319465395,11.826085888355047,-0.6837482556779254
test,full_quarterhour,country_hour,NL:02,90,8.474832049244153,11.858784474032829,-0.6031528922926622
test,full_quarterhour,country_hour,NL:03,90,8.644003883077525,12.164211772357177,-0.6554344938088055
test,full_quarterhour,country_hour,NL:04,90,8.646121583183465,11.781467683375068,0.08981623842531532
test,full_quarterhour,country_hour,NL:05,90,9.019522400464345,12.328484586959418,-0.3407045400116516
test,full_quarterhour,country_hour,NL:06,90,10.675968525560666,15.546229955130126,-0.11728360465543722
test,full_quarterhour,country_hour,NL:07,90,11.612696484953315,16.400430564985786,-2.143581915975297
test,full_quarterhour,country_hour,NL:08,90,13.349702513810842,17.69138461486833,-1.9895553799692787
test,full_quarterhour,country_hour,NL:09,90,14.541740328491116,20.374248414871275,1.9864757489690836
test,full_quarterhour,country_hour,NL:10,90,13.732101905088484,18.453529573981896,2.1318619505884535
test,full_quarterhour,country_hour,NL:11,90,14.761775471986676,20.78781160094037,0.7508069349655948
test,full_quarterhour,country_hour,NL:12,90,13.351243178397327,19.20147746294133,-2.6981948223993775
test,full_quarterhour,country_hour,NL:13,90,11.228816475966749,16.74658346277079,-1.7838706188282047
test,full_quarterhour,country_hour,NL:14,90,12.009572803797008,17.924546225009518,-3.0897567114084055
test,full_quarterhour,country_hour,NL:15,90,12.048249400389865,17.38572536544383,-2.719706478006148
test,full_quarterhour,country_hour,NL:16,90,13.457084940781753,17.81903533147052,1.2358632709712412
test,full_quarterhour,country_hour,NL:17,90,14.269204079722385,19.942486332653637,-0.08810026345208155
test,full_quarterhour,country_hour,NL:18,90,14.92257827448528,22.197859717840178,-5.7079398619955715
test,full_quarterhour,country_hour,NL:19,90,28.966658017412314,58.91649646291124,-12.61118260261828
test,full_quarterhour,country_hour,NL:20,90,37.772037145019716,85.20840778888429,-12.210598383631112
test,full_quarterhour,country_hour,NL:21,90,31.008140460558682,79.46572034905407,-8.043056380580726
test,full_quarterhour,country_hour,NL:22,90,19.156959661393522,46.0206952740104,-3.961416505226699
test,full_quarterhour,country_hour,NL:23,90,10.912955632021523,18.50576766946955,-1.0169254240574888
test,full_quarterhour,country_negative,NL,137,5.382990848888542,9.55148978658546,3.5141406673620237
test,full_quarterhour,country_train_q95,NL,744,20.217810644653092,49.80493249668288,-8.601728194791757
test,full_quarterhour,hour,00,360,9.180775971882001,15.289391599126198,-0.1287948566918075
test,full_quarterhour,hour,01,360,8.326115316823007,12.917375541752648,-0.6382348997304773
test,full_quarterhour,hour,02,360,8.796444475163765,13.069039050789414,-0.22275805593413173
test,full_quarterhour,hour,03,360,9.147484338803476,13.936944902955252,-0.07876065752939902
test,full_quarterhour,hour,04,360,9.26902117759256,14.0178280666478,0.4720265895897124
test,full_quarterhour,hour,05,360,9.551090823493587,14.574658547734376,0.17252603306331582
test,full_quarterhour,hour,06,360,11.05356417157978,16.5182229427502,-0.2692798810961689
test,full_quarterhour,hour,07,360,12.326372386558084,17.07266644806259,-1.9868423580431447
test,full_quarterhour,hour,08,360,13.2919584023067,17.936533696720378,-1.8195910101477017
test,full_quarterhour,hour,09,360,13.597897670256554,18.785609576684134,0.7855214865088117
test,full_quarterhour,hour,10,360,14.02862604672228,19.338015026887863,1.33469782717085
test,full_quarterhour,hour,11,360,14.575116610127253,20.247276224266752,0.28367394015928493
test,full_quarterhour,hour,12,360,13.559837294158433,19.0418621389579,-2.7911615307485222
test,full_quarterhour,hour,13,360,12.03092161043619,17.819056879286556,-1.1193751783335932
test,full_quarterhour,hour,14,360,12.600560953472707,18.891339692592535,-2.611990538421428
test,full_quarterhour,hour,15,360,12.663514826606521,18.55266908830118,-2.2970172829691204
test,full_quarterhour,hour,16,360,14.88868189541782,20.35335968005761,1.523339361363404
test,full_quarterhour,hour,17,360,15.36498113448452,21.13387083699671,0.4487940769690981
test,full_quarterhour,hour,18,360,15.314837034883128,22.89018679876304,-4.265945419827005
test,full_quarterhour,hour,19,360,27.216335174479717,56.0527960226262,-10.63207763846787
test,full_quarterhour,hour,20,360,34.073110904582244,76.51677249096116,-9.80092717853765
test,full_quarterhour,hour,21,360,27.088669454856255,70.02348772148899,-6.505813258966162
test,full_quarterhour,hour,22,360,17.343332815867726,42.34112747965649,-2.934626198697204
test,full_quarterhour,hour,23,360,11.058414833239048,18.92292125526197,-0.7452123036704734
test,full_quarterhour,negative,actual_lt_zero,522,5.343352709337891,8.770090807565031,2.9121276612079923
test,full_quarterhour,train_q95,actual_gt_train_q95,3403,17.68348149001081,42.86503118482485,-6.855532758969288
