zone,grouping,group,model,n,mae,rmse,bias
BE,all,all,nyx,8399,10.907908900753391,23.613951181297388,-0.9805125894797803
BE,all,all,storm,8399,10.698147606500774,23.457079229380906,-2.5276740822716994
BE,all,all,chronos,8399,11.760731212742114,24.76686820345433,-0.6749176536753186
BE,all,all,residual,8399,11.010941655879968,23.76438684811971,-1.3300355518822768
BE,split,test,nyx,1800,15.894493157294233,39.502640867525834,-2.5267694827448075
BE,split,test,storm,1800,13.588546921666667,39.129341730710344,-3.3009890783333335
BE,split,test,chronos,1800,16.715580308886665,40.25498205629534,-1.7415732878577783
BE,split,test,residual,1800,15.882229581670193,39.701674035688384,-2.6759228552479457
BE,split,train,nyx,4320,8.534966370271079,12.493849030473282,-0.5186592369482582
BE,split,train,storm,4320,8.223894243055556,11.707141388178162,-0.5607873074074075
BE,split,train,chronos,4320,9.15226818217824,13.318581213550528,-0.8338587015578705
BE,split,train,residual,4320,8.633628450172141,12.617051611759427,-0.6465913885848108
BE,split,validation,nyx,2279,11.467478918265488,22.949263706621426,-0.6347223635294186
BE,split,validation,storm,2279,13.105368213251426,23.637450102845165,-5.645262443176832
BE,split,validation,chronos,2279,12.791811475566037,25.3868001720773,0.46883200335892955
BE,split,validation,residual,2279,11.669859945583967,23.12186388968264,-1.5625417560888797
BE,hour,0,nyx,350,6.783924333085563,10.535575358691089,-0.8230249894393326
BE,hour,0,storm,350,8.135687342857143,11.106319254731225,-1.9772357542857142
BE,hour,0,chronos,350,6.721478286971429,10.12027048614033,-0.1802315204571431
BE,hour,0,residual,350,6.78015434607066,10.328157487641567,-0.9216245130865555
BE,hour,1,nyx,350,6.452698278361666,9.382981241826547,-1.085396651597675
BE,hour,1,storm,350,7.429443248571428,10.11980035751362,-2.4092595971428574
BE,hour,1,chronos,350,6.662315564571428,9.471976211583753,0.09594179028571416
BE,hour,1,residual,350,6.5102265439987965,9.290761331076647,-0.8517382276550097
BE,hour,2,nyx,349,6.788922328362611,9.69825103644183,-1.4856381499793274
BE,hour,2,storm,349,7.411531252148998,10.360200948960468,-2.1389504670487107
BE,hour,2,chronos,349,6.878626238481376,9.773036171013786,-0.18404954793696288
BE,hour,2,residual,349,6.768600021909862,9.515200552130535,-1.0578993359388524
BE,hour,3,nyx,350,7.411853471941948,10.394428875461967,-1.3646787761722763
BE,hour,3,storm,350,7.490776039999999,10.725376394292855,-2.0215387771428572
BE,hour,3,chronos,350,7.5251356954,10.589848608530774,-0.14803515859999997
BE,hour,3,residual,350,7.417540747102529,10.31311665662264,-1.0843135638769716
BE,hour,4,nyx,350,7.6737392140480996,10.793088984164578,-0.7189556569181363
BE,hour,4,storm,350,7.097624708571428,10.311792448800507,-1.8411943714285715
BE,hour,4,chronos,350,7.830258090857143,10.906072028376608,0.18239969257142843
BE,hour,4,residual,350,7.64485247972807,10.76637648837833,-0.7684741826015996
BE,hour,5,nyx,350,7.6068330803484265,10.768691118042357,0.34775511957102073
BE,hour,5,storm,350,7.426485691428572,10.544451603270627,-1.9110962514285719
BE,hour,5,chronos,350,7.711659524857144,10.893028012342242,0.5426913894285712
BE,hour,5,residual,350,7.646359945639363,10.787277424409682,-0.20526059333979285
BE,hour,6,nyx,350,8.940156353190295,12.459057656817368,0.5676909888723467
BE,hour,6,storm,350,8.424191874285714,11.735693392955087,-2.781948091428572
BE,hour,6,chronos,350,9.270608832,12.97351436658961,-0.3139783022857146
BE,hour,6,residual,350,8.949763976156843,12.59033715378416,-0.5343804770925501
BE,hour,7,nyx,350,10.773844060058636,15.778062285098049,0.13229656615684057
BE,hour,7,storm,350,9.835167225714285,14.826791013203774,-4.375934322857143
BE,hour,7,chronos,350,10.973723600971429,16.053684067650863,-1.2750072181142857
BE,hour,7,residual,350,10.74811970160625,15.828226712642493,-0.676323913990278
BE,hour,8,nyx,350,11.063529698007915,15.230313274709948,-0.7883772987866206
BE,hour,8,storm,350,11.456189779999999,15.668776963661504,-6.399316945714286
BE,hour,8,chronos,350,12.091632995771429,16.364306793674494,-1.768971018628572
BE,hour,8,residual,350,11.201879052578342,15.346484470277641,-1.096886423021396
BE,hour,9,nyx,350,11.303325734900225,15.297763371660519,-1.3507956845887956
BE,hour,9,storm,350,11.30287406,15.670164742465113,-6.239108431428571
BE,hour,9,chronos,350,12.84201538314286,17.16842171546846,-0.5316640808571427
BE,hour,9,residual,350,11.392753157790688,15.39549226253634,-1.4692678410577582
BE,hour,10,nyx,350,11.242033615016886,15.586275231153621,-0.3113849017976622
BE,hour,10,storm,350,10.605669488571428,14.879009361981419,-5.297752248571428
BE,hour,10,chronos,350,13.069421118371428,17.714695241942778,1.1993343155142857
BE,hour,10,residual,350,11.349198774142362,15.618830175960783,-0.5365111976657145
BE,hour,11,nyx,350,11.382228959051037,16.420965848706523,-0.3431868309117247
BE,hour,11,storm,350,11.300668705714285,16.766549314448035,-5.010087888571428
BE,hour,11,chronos,350,13.828878132114285,19.323650397927384,1.1745240206857142
BE,hour,11,residual,350,11.604395305717494,16.878336643964133,-0.9472940734044469
BE,hour,12,nyx,350,12.384947551303323,22.45022556203161,-1.1869652761792082
BE,hour,12,storm,350,12.80866522857143,22.711225641815872,-5.029239748571429
BE,hour,12,chronos,350,14.310678795085714,25.318865052090878,0.9040086337142861
BE,hour,12,residual,350,12.59204004214011,22.684436127954353,-1.7429660246411767
BE,hour,13,nyx,350,13.17423058191596,31.697068309691595,1.002732861868559
BE,hour,13,storm,350,13.975796942857144,32.035857125903966,-2.555338119999999
BE,hour,13,chronos,350,15.227499218757142,35.0659871527183,3.329107419557142
BE,hour,13,residual,350,13.390667192432623,31.771120192410137,0.40365876453176736
BE,hour,14,nyx,350,13.277647839904576,31.69032685608545,0.5640044240149282
BE,hour,14,storm,350,14.16772017142857,30.80140056803166,-4.097183502857144
BE,hour,14,chronos,350,15.335165555400001,34.820103666379914,2.7797525242571424
BE,hour,14,residual,350,13.409555854692158,31.80170284344001,0.12320343485391407
BE,hour,15,nyx,350,11.580221022737325,19.40408938818025,-0.10988566296575673
BE,hour,15,storm,350,11.37081976,18.628498178344056,-4.140413502857143
BE,hour,15,chronos,350,13.651029075428573,22.216910081762176,1.8550415320000002
BE,hour,15,residual,350,11.833286474299381,19.81510802248628,-0.36134702586154205
BE,hour,16,nyx,350,10.92069336311965,14.986265765210307,-0.7282875704956259
BE,hour,16,storm,350,10.62728384,14.901863977787713,-3.7274991942857145
BE,hour,16,chronos,350,12.895739541902856,17.068184681683178,0.3950767167599994
BE,hour,16,residual,350,11.006363467157211,15.15247779196965,-1.116686829746488
BE,hour,17,nyx,350,11.59170441239963,16.575499313318748,-0.9115936148447346
BE,hour,17,storm,350,11.351710237142857,16.341054221809078,-2.3412563628571426
BE,hour,17,chronos,350,12.677985703428572,18.08319999908455,-0.5985338748571426
BE,hour,17,residual,350,11.682259683650775,16.552491313143396,-1.108403764729745
BE,hour,18,nyx,350,11.791908519597975,18.601579353237412,-2.4335305549149595
BE,hour,18,storm,350,12.044562005714285,17.420584269347515,-4.953784205714285
BE,hour,18,chronos,350,12.408845242857144,19.25274330576676,-3.644973842857142
BE,hour,18,residual,350,12.019151127110574,18.862350390819337,-2.7302688849232046
BE,hour,19,nyx,350,15.864847697859584,34.41993988618257,-4.011784374242531
BE,hour,19,storm,350,13.014176479999998,21.585657067303018,-3.823650954285715
BE,hour,19,chronos,350,16.271686980000002,34.66540110326407,-5.631940351428572
BE,hour,19,residual,350,16.024062645236917,34.746119797645385,-4.161280842536555
BE,hour,20,nyx,350,17.271778571797984,51.13385995611352,-3.278759617655986
BE,hour,20,storm,350,14.899119671428572,46.91160726720219,3.414030191428571
BE,hour,20,chronos,350,17.266738202857145,51.922058365818856,-5.325513208571428
BE,hour,20,residual,350,17.4484805886251,51.379407456724394,-3.5902942395932405
BE,hour,21,nyx,350,15.48374955366363,50.655661491616904,-3.1518537871642534
BE,hour,21,storm,350,15.218457474285715,59.95489633075507,6.248023645714286
BE,hour,21,chronos,350,15.395234291714289,51.24282881743899,-4.753058377428573
BE,hour,21,residual,350,15.627887639214574,50.935552230593714,-3.7122735487035547
BE,hour,22,nyx,350,11.350603513475832,31.833436889762915,-2.644219513192652
BE,hour,22,storm,350,10.468220128571428,33.70482433646389,0.5787807114285719
BE,hour,22,chronos,350,11.557467365514286,32.49178755533986,-4.022912211228571
BE,hour,22,residual,350,11.4892610480516,32.101675309284595,-3.426117395158241
BE,hour,23,nyx,350,9.66262333086861,15.860524732110315,0.5800935879616979
BE,hour,23,storm,350,8.883310865714286,12.646373444205734,2.1678868542857144
BE,hour,23,chronos,350,9.839776798,16.18803830382905,-0.27563052942857164
BE,hour,23,residual,350,9.713618949969899,16.141295591867618,-0.3473250138900952
BE,season,DJF,nyx,2160,6.858507296820389,9.673840364234792,0.29603376299974915
BE,season,DJF,storm,2160,7.275804125,10.148584742460052,0.7594913194444444
BE,season,DJF,chronos,2160,6.958186281018519,9.945842380949616,0.2253912458333334
BE,season,DJF,residual,2160,6.984263709656131,9.794177719760473,0.7336564363008855
BE,season,JJA,nyx,2208,14.942698880888933,36.25910176145258,-2.1873234128310237
BE,season,JJA,storm,2208,13.73912785009058,36.45118962167383,-4.254510680706522
BE,season,JJA,chronos,2208,16.05253085969022,37.19694182149982,-1.2478730932717397
BE,season,JJA,residual,2208,14.963587487833157,36.460685370385804,-2.4123342369875673
BE,season,MAM,nyx,2207,12.064793553724417,23.815688743098036,-1.5617451309447803
BE,season,MAM,storm,2207,12.820578185319437,23.30771469089854,-4.836031191209787
BE,season,MAM,chronos,2207,13.189804578031264,26.018522816013387,-0.6557110763230631
BE,season,MAM,residual,2207,12.270167380971458,23.972514509179053,-2.6562068337997746
BE,season,SON,nyx,1824,9.419228395955662,13.38143858515293,-0.32805732872483667
BE,season,SON,storm,1824,8.501641715460527,12.081956403667581,-1.5369273273026314
BE,season,SON,chronos,1824,10.523471626595393,14.607177205554581,-1.0707348294024122
BE,season,SON,residual,1824,9.470958756545503,13.501662421089877,-0.859092119081417
BE,regime,negative,nyx,328,17.678674302328147,47.44458085106227,4.609890658419267
BE,regime,negative,storm,328,17.503097472560977,45.652532542056676,6.388559759146341
BE,regime,negative,chronos,328,21.444737372396343,53.27617169200751,10.02535569617683
BE,regime,negative,residual,328,17.444874361523983,47.51357209085523,4.011923857437768
BE,regime,upper95_train,nyx,1180,19.932582962435625,48.90177410146682,-9.509587995921418
BE,regime,upper95_train,storm,1180,17.886790269491527,48.539620281755774,-5.40753602881356
BE,regime,upper95_train,chronos,1180,20.187358398305083,49.595691369880264,-12.569727737288135
BE,regime,upper95_train,residual,1180,20.214656039935992,49.26892121855031,-10.306248256079826
BE,regime,upper99_train,nyx,243,51.260225235875424,102.78492047252325,-34.01556651579323
BE,regime,upper99_train,storm,243,42.41139692592593,102.40821624127219,-4.4135235432098785
BE,regime,upper99_train,chronos,243,53.07147847736625,104.4755630427458,-39.97788695473251
BE,regime,upper99_train,residual,243,52.12981317265748,103.56125377122895,-35.25464875592993
DE,all,all,nyx,8399,10.912411342748438,21.57080824928911,-0.6601481907220048
DE,all,all,storm,8399,11.295950395285153,19.885127889373198,-1.4885321593046794
DE,all,all,chronos,8399,12.102428455651864,23.46845649011884,-0.8181164447255628
DE,all,all,residual,8399,10.990639663423334,21.770970575127294,-0.9344747765693656
DE,split,test,nyx,1800,12.489424819862114,28.032285486425,-2.344699954217139
DE,split,test,storm,1800,11.438904034444445,23.467530350876945,-3.4898640466666673
DE,split,test,chronos,1800,14.214414210415,30.320194242677964,-1.195394912790556
DE,split,test,residual,1800,12.685862601047623,28.299392605269222,-2.6169505046616823
DE,split,train,nyx,4320,9.971356867903737,17.17928200756105,-0.20934235321436787
DE,split,train,storm,4320,10.529727872916666,16.591816971370605,0.7267525937499999
DE,split,train,chronos,4320,10.817886526266204,18.640423247055416,-1.6578984201828704
DE,split,train,residual,4320,10.01342915853419,17.32837318585923,-0.4947703030341713
DE,split,validation,nyx,2279,11.450687372816219,23.124182636515506,-0.18418857849811368
DE,split,validation,storm,2279,12.635469810004388,22.371152046413098,-4.1070634168494955
DE,split,validation,chronos,2279,12.869276536552436,25.3980012999426,1.0717297055563846
DE,split,validation,residual,2279,11.504087707915382,23.346597452438033,-0.4391114659532484
DE,hour,0,nyx,350,6.1559762652118115,8.42843358810804,-0.6926155629611238
DE,hour,0,storm,350,9.042798497142856,12.031539745386993,-4.0944654514285705
DE,hour,0,chronos,350,6.349369385771428,8.793466561600937,-0.17705535651428456
DE,hour,0,residual,350,6.1466434862119055,8.493833236497483,-0.7999254957116583
DE,hour,1,nyx,350,5.965559421295699,8.34212462952627,-0.5132650644891286
DE,hour,1,storm,350,8.365356597142856,11.555539308568557,-4.03006698
DE,hour,1,chronos,350,6.179899957714286,8.893683780220009,0.30712886685714247
DE,hour,1,residual,350,5.886638977550678,8.354326846273155,-0.3544526606351431
DE,hour,2,nyx,349,6.314885310664255,8.858986590347879,-0.8089325263091639
DE,hour,2,storm,349,8.225780323782237,11.122604848631944,-3.6975473438395414
DE,hour,2,chronos,349,6.492143059426934,9.499025119784402,0.18183430968481384
DE,hour,2,residual,349,6.183437478937302,8.798281895398992,-0.4430930479002641
DE,hour,3,nyx,350,6.635033775091701,9.393548425471923,-0.6175231292251627
DE,hour,3,storm,350,8.052332962857141,10.759592662537372,-3.51331708857143
DE,hour,3,chronos,350,6.956022829628572,10.13429155442265,0.21784637248571312
DE,hour,3,residual,350,6.433510049277993,9.315447355298968,-0.3084440752824043
DE,hour,4,nyx,350,6.939270819122364,9.761778017341625,-0.09824904283115919
DE,hour,4,storm,350,7.862152025714286,10.572260992679805,-3.317746648571429
DE,hour,4,chronos,350,7.269013343942858,10.371349465249994,0.32398780462857096
DE,hour,4,residual,350,6.74906887223776,9.667153738326979,0.0009374878664910317
DE,hour,5,nyx,350,7.238020221890855,10.22415639993386,0.6177771339148723
DE,hour,5,storm,350,8.329899185714286,10.725011374187478,-3.2001317400000002
DE,hour,5,chronos,350,7.462143087428572,10.663094527012483,0.6966742982857141
DE,hour,5,residual,350,7.092211754939082,10.150125277341798,0.3935386654156415
DE,hour,6,nyx,350,8.593960226628491,12.060938936984774,0.611290235225921
DE,hour,6,storm,350,9.185186171428573,12.046575281541614,-2.7962014342857144
DE,hour,6,chronos,350,8.977847598857142,13.220715512474753,-0.7191927017142861
DE,hour,6,residual,350,8.585617655063949,12.115857728068093,-0.08378609758159314
DE,hour,7,nyx,350,10.983109287876182,17.270410554196857,0.5427274203548689
DE,hour,7,storm,350,11.261318608571429,17.792049293186114,-2.256642791428571
DE,hour,7,chronos,350,11.729061952285715,18.76783268898766,-1.551219518
DE,hour,7,residual,350,10.941565598101642,17.260724052634714,-0.07657788921664349
DE,hour,8,nyx,350,11.689659364632368,17.76188029300669,-0.6263569405340146
DE,hour,8,storm,350,11.443052677142859,15.775364774652473,-3.7333527685714287
DE,hour,8,chronos,350,12.864308011428573,20.069282331286576,-2.1083380514285714
DE,hour,8,residual,350,11.828535782487853,17.93265493690283,-0.9407782903806979
DE,hour,9,nyx,350,10.540209944204916,15.503912094769577,-0.6802609971992768
DE,hour,9,storm,350,10.564740134285715,14.76810567459556,-3.6887480485714295
DE,hour,9,chronos,350,12.287391088942856,17.812818479925195,-0.4950087247714284
DE,hour,9,residual,350,10.662355074329163,15.61569284552168,-0.6352361484466091
DE,hour,10,nyx,350,10.683596547629262,15.408109972849044,-0.21668616757871437
DE,hour,10,storm,350,10.483498651428572,14.845835951407789,-3.7541981999999994
DE,hour,10,chronos,350,12.955965304085714,18.05976484786611,0.7705446029428569
DE,hour,10,residual,350,10.634569873813701,15.492254570937572,0.06902643049888532
DE,hour,11,nyx,350,11.611158570624037,18.281222576819196,-0.55928246293896
DE,hour,11,storm,350,10.817193885714286,16.405023514629885,-3.1540827085714285
DE,hour,11,chronos,350,13.883339490285715,20.77958301849402,0.7802226228571431
DE,hour,11,residual,350,11.65925239885817,18.60243961538085,-0.6075591695857786
DE,hour,12,nyx,350,12.67189435029029,24.128382966827083,-0.26875221550816986
DE,hour,12,storm,350,11.810348780000002,21.29333927753146,-2.2912533742857137
DE,hour,12,chronos,350,14.698552441491426,26.62332408556098,1.2862106854914281
DE,hour,12,residual,350,12.723199065445998,24.360590330001227,-0.7208832680348709
DE,hour,13,nyx,350,13.749116981011118,33.13734226428805,1.7300493720496675
DE,hour,13,storm,350,13.43667856,31.071872847909805,-0.2979594457142859
DE,hour,13,chronos,350,16.31990841912286,35.660480084817536,2.9307898216942854
DE,hour,13,residual,350,13.923152927861018,33.29463328597233,0.9839555769845529
DE,hour,14,nyx,350,13.749151188788705,32.642128924911496,1.5466458969753214
DE,hour,14,storm,350,14.070177245714287,30.011852278551586,-0.7235516228571427
DE,hour,14,chronos,350,16.438834321928574,35.153181557325226,2.7704426889285716
DE,hour,14,residual,350,13.905819097733309,32.85179857084988,0.8985933770926061
DE,hour,15,nyx,350,12.503470521313346,21.466485531035016,0.19908884786987732
DE,hour,15,storm,350,12.167393691428572,18.674966552904575,-1.5830720457142862
DE,hour,15,chronos,350,14.792498987028571,24.11993367584538,1.504786082457143
DE,hour,15,residual,350,12.607709507498923,21.937220694366836,-0.19889752679605896
DE,hour,16,nyx,350,12.847294060146622,18.677923385799545,-1.4996091480358735
DE,hour,16,storm,350,11.863100222857144,16.738183211659184,-0.3609993485714287
DE,hour,16,chronos,350,15.209634319142857,21.422918088900033,-1.0144437648571436
DE,hour,16,residual,350,13.057656543308191,19.074946186382796,-1.8786940227743243
DE,hour,17,nyx,350,12.752993467187956,19.213825723319793,-2.042652010878338
DE,hour,17,storm,350,13.712743042857143,23.971313609463643,2.882693688571429
DE,hour,17,chronos,350,14.559403565714284,22.326950917609565,-2.681627914285715
DE,hour,17,residual,350,13.115114292486389,19.589799576790334,-2.1729611179295927
DE,hour,18,nyx,350,13.424313020780033,22.410506099631437,-2.4702233254569297
DE,hour,18,storm,350,14.624986062857143,22.752842588887166,1.8521443542857143
DE,hour,18,chronos,350,14.803457582857142,25.12630368848794,-4.59465344
DE,hour,18,residual,350,13.6669428451852,22.771823475877287,-2.875313493215147
DE,hour,19,nyx,350,17.017718214113163,33.942441436171194,-3.4203516224150516
DE,hour,19,storm,350,16.53296636285714,26.73106240058056,2.0261234657142864
DE,hour,19,chronos,350,18.167713782857142,35.628557323038045,-5.402770857142857
DE,hour,19,residual,350,17.4664202816151,34.32470358211959,-3.711339624387417
DE,hour,20,nyx,350,17.2826140268683,40.08161799575524,-3.317063386947184
DE,hour,20,storm,350,15.83030605714286,32.41507872630942,2.559721217142856
DE,hour,20,chronos,350,18.11153405714286,42.967853628890985,-5.6017392857142845
DE,hour,20,residual,350,17.501634085147963,40.40826748245527,-3.502502236793871
DE,hour,21,nyx,350,13.77885481064522,36.1429517477052,-2.732934076866028
DE,hour,21,storm,350,13.342558282857143,30.776276031400304,1.1569610885714277
DE,hour,21,chronos,350,14.331274756000003,38.37647035310975,-4.297760853142858
DE,hour,21,residual,350,14.13138282693242,36.41147359697532,-3.1772373506451483
DE,hour,22,nyx,350,10.22527300997615,20.856842370961402,-1.825229270916248
DE,hour,22,storm,350,11.161655714285713,20.65150990302851,-0.7590570914285723
DE,hour,22,chronos,350,10.620796302857142,22.070723792577592,-3.1308263542857144
DE,hour,22,residual,350,10.324303290935005,21.077309438064376,-2.6511521072292017
DE,hour,23,nyx,350,8.531603031306544,12.685338077368897,1.2984263692702023
DE,hour,23,storm,350,8.90781382857143,12.114804310421182,1.0436670228571423
DE,hour,23,chronos,350,8.982139902857144,13.386937717435261,0.3722309942857137
DE,hour,23,residual,350,8.534875292817055,12.874878646469469,0.3667913948196695
DE,season,DJF,nyx,2160,8.47971525595005,13.604620873002839,0.9405050042066533
DE,season,DJF,storm,2160,9.653010505092594,14.468856577953195,1.4889596921296293
DE,season,DJF,chronos,2160,8.594095416356481,13.7744117850539,-0.41490990135648154
DE,season,DJF,residual,2160,8.427815149929481,13.501780283911424,1.0397928170170652
DE,season,JJA,nyx,2208,12.150261879549781,26.19441025875969,-1.8982062077895947
DE,season,JJA,storm,2208,11.847773626358697,22.768594076726515,-4.4391281870471015
DE,season,JJA,chronos,2208,13.88576480075951,28.51255862818878,-0.6170625143537141
DE,season,JJA,residual,2208,12.296418827268619,26.434948687978256,-2.1897351831498377
DE,season,MAM,nyx,2207,11.710894949567484,23.67126239686983,-0.9593347495652563
DE,season,MAM,storm,2207,12.424796435885819,22.179650277554178,-2.2319650457634794
DE,season,MAM,chronos,2207,13.233986942103758,25.990714241001793,-0.09024172388627096
DE,season,MAM,residual,2207,11.8228642313168,23.926079327903373,-1.2884131804367345
DE,season,SON,nyx,1824,11.32863735260453,20.366830559396657,-0.6949475679114829
DE,season,SON,storm,1824,11.207661610745614,18.710859988020868,-0.5431977236842106
DE,season,SON,chronos,1824,12.729096841222587,22.582480620890934,-2.419691401321272
DE,season,SON,residual,1824,11.437909912346278,20.689532959189588,-1.3246397804518906
DE,regime,negative,nyx,507,14.062303670993316,38.9919772010821,4.167805312843118
DE,regime,negative,storm,507,12.471147240631167,35.71592517637281,3.141356195266272
DE,regime,negative,chronos,507,19.937254279191322,43.61136700244271,8.167960429861933
DE,regime,negative,residual,507,13.79924050255143,39.264327935000395,4.015801494181593
DE,regime,upper95_train,nyx,729,28.446354613767006,52.457197093471834,-14.114315611530598
DE,regime,upper95_train,storm,729,24.353628861454045,43.41164038672002,-5.343159659807957
DE,regime,upper95_train,chronos,729,30.940432524005487,56.970168265230825,-22.00501823045268
DE,regime,upper95_train,residual,729,29.14852056070782,53.07975472244123,-15.791073828594573
DE,regime,upper99_train,nyx,85,109.51026266460683,134.29603825857734,-95.01845598767378
DE,regime,upper99_train,storm,85,70.94831090588237,99.05238382849687,-29.01210537647059
DE,regime,upper99_train,chronos,85,126.98966211764706,149.88674696995244,-116.64615247058823
DE,regime,upper99_train,residual,85,111.63147328257054,136.03339732331284,-97.46805147152655
FR,all,all,nyx,8399,11.966398461849163,18.996100322124278,-0.26952191331921704
FR,all,all,storm,8399,11.841860785926896,18.56267839873362,-1.9260579332063341
FR,all,all,chronos,8399,12.84173152096571,20.1796687933199,0.28869724170532207
FR,all,all,residual,8399,12.114676728678624,19.245216423439743,-0.39679251796872833
FR,split,test,nyx,1800,13.404341235001441,19.191436099395798,-1.3696255968606403
FR,split,test,storm,1800,12.324011288888888,18.23984898757102,-4.448160404444445
FR,split,test,chronos,1800,14.243802107638889,20.034700892275783,0.2850893626944443
FR,split,test,residual,1800,13.412726348430944,19.234670012540736,-1.5833894622305271
FR,split,train,nyx,4320,9.963697730775076,13.547297186694296,0.08917979622645278
FR,split,train,storm,4320,9.796871807870371,13.523878537408,0.7987741564814812
FR,split,train,chronos,4320,10.49595095053264,14.235334708352166,-0.0620590759215281
FR,split,train,residual,4320,10.13615608592186,13.71351209359705,0.09142843685823307
FR,split,validation,nyx,2279,14.626938245335753,26.288538819215923,-0.08058148105187672
FR,split,validation,storm,2279,15.337464770074591,25.69879410134104,-5.099155861781483
FR,split,validation,chronos,2279,16.180935122659065,28.277341161263305,0.956429349808688
FR,split,validation,residual,2279,14.839871928834418,26.76368773489454,-0.38505053691617697
FR,hour,0,nyx,350,9.775948187396104,14.619243993844139,0.7613432877555689
FR,hour,0,storm,350,11.519290431428571,15.955037702663855,0.07401449428571433
FR,hour,0,chronos,350,9.898991946171428,14.973628035735723,0.1572416058285715
FR,hour,0,residual,350,9.846217637966406,14.757140346154277,0.3352493041374715
FR,hour,1,nyx,350,9.451656613214556,13.334583547474873,-0.035924250697009774
FR,hour,1,storm,350,9.940085437142857,13.856173824284271,-1.9482307685714286
FR,hour,1,chronos,350,9.970291408957143,13.936737374249471,0.022829394471428333
FR,hour,1,residual,350,9.682383177754964,13.586436074514719,0.0664364273198964
FR,hour,2,nyx,349,9.946367688902612,13.806193800662241,-0.9259551896069886
FR,hour,2,storm,349,9.7416066504298,13.327670351908953,-0.16827195128939854
FR,hour,2,chronos,349,10.577090321432665,14.5089114870148,0.008778652206303184
FR,hour,2,residual,349,10.086700363122075,14.034819332292283,-0.15493770673194499
FR,hour,3,nyx,350,10.792275633986701,15.287002051507734,-0.05176106098036615
FR,hour,3,storm,350,10.19187234857143,13.875861883273146,0.3147418228571431
FR,hour,3,chronos,350,11.626631657428572,16.37186836855989,0.9801419908000003
FR,hour,3,residual,350,10.843442217294074,15.54252272362726,0.7141451367861289
FR,hour,4,nyx,350,10.704146099926543,15.261720690415414,0.11854804068072562
FR,hour,4,storm,350,10.91420476857143,15.057852361052126,-1.0234192028571425
FR,hour,4,chronos,350,11.528342318628571,16.531879693685866,0.7746912070857142
FR,hour,4,residual,350,10.711762059744675,15.569416116142119,0.7393717321268107
FR,hour,5,nyx,350,10.846260907831867,15.217525919300625,0.5697380665916101
FR,hour,5,storm,350,10.827775362857142,15.205516993634705,-3.1698508142857147
FR,hour,5,chronos,350,11.674527363285714,16.128639625841164,0.4950856207142858
FR,hour,5,residual,350,11.069569237034411,15.54477412956623,0.6594620562174955
FR,hour,6,nyx,350,11.752429596218182,15.739955662187183,0.27252884549159917
FR,hour,6,storm,350,12.021414597142856,17.075442000197867,-5.740731465714286
FR,hour,6,chronos,350,12.25796464930286,16.436274045507734,-0.5228021927314285
FR,hour,6,residual,350,12.147280094946147,16.04574462656227,-0.3962706715478961
FR,hour,7,nyx,350,12.26064399971912,17.069081067728476,-0.04814716435840263
FR,hour,7,storm,350,12.47142951714286,17.901876664044618,-7.061972802857142
FR,hour,7,chronos,350,12.886470783142858,17.77851778702156,-1.1303257705714285
FR,hour,7,residual,350,12.519585645513388,17.338627517990613,-0.7712573687790238
FR,hour,8,nyx,350,13.237918689634192,18.44025815499506,-1.4856262980521104
FR,hour,8,storm,350,13.675384634285715,19.136210338521593,-7.619208794285714
FR,hour,8,chronos,350,13.926840914142858,19.13203035201332,-2.330363221
FR,hour,8,residual,350,13.437961389426663,18.664232616961083,-1.7410044671473153
FR,hour,9,nyx,350,11.852679906461391,16.01905096108314,-0.7878967662837246
FR,hour,9,storm,350,11.734492148571428,16.435611058497035,-4.296585937142857
FR,hour,9,chronos,350,13.211140020134282,17.41983173924894,-1.1126028855057142
FR,hour,9,residual,350,11.977828702178755,16.19900404472974,-1.2694698078189512
FR,hour,10,nyx,350,11.585042080153865,15.716910699821378,0.23493169096238983
FR,hour,10,storm,350,10.653511048571428,14.839794894129,-0.3620564600000002
FR,hour,10,chronos,350,12.917767618342857,17.176153449690304,0.8744078130857142
FR,hour,10,residual,350,11.73047405550245,15.851629528006809,-0.37753213576639455
FR,hour,11,nyx,350,11.453674701846822,16.480770458665553,-0.14176003736602166
FR,hour,11,storm,350,10.553343814285713,15.521186873400469,1.307092717142857
FR,hour,11,chronos,350,12.87011745777143,18.155261051069886,1.525019134
FR,hour,11,residual,350,11.648440360606294,16.901897918818626,-0.6845156139869361
FR,hour,12,nyx,350,12.345750209667738,23.321084988387096,-1.6708594263760148
FR,hour,12,storm,350,10.756687922857143,20.979152615635613,0.7589407228571425
FR,hour,12,chronos,350,13.517807912771426,25.56995457186312,1.0357042098571425
FR,hour,12,residual,350,12.596576236765555,23.75153739965568,-1.8517227677684434
FR,hour,13,nyx,350,12.71149263276489,33.449411690052955,1.6020357303458719
FR,hour,13,storm,350,12.995260014285716,31.513051406064058,5.592503791428571
FR,hour,13,chronos,350,14.44008455910286,36.13170314620209,5.217324898354286
FR,hour,13,residual,350,12.893278457216656,33.930029934864145,1.6450403213972482
FR,hour,14,nyx,350,13.304064791672761,33.03818349434003,0.8475708083768781
FR,hour,14,storm,350,12.263441871428572,29.244508150658216,2.5888571799999993
FR,hour,14,chronos,350,14.526146553962857,35.35530232274213,4.345226704037142
FR,hour,14,residual,350,13.490556224277004,33.50702463010992,0.7750227864682281
FR,hour,15,nyx,350,11.665578834743354,20.259694963875575,-0.549609015359776
FR,hour,15,storm,350,10.304548931428572,17.032088406146638,1.8804344799999997
FR,hour,15,chronos,350,13.045303245285714,21.906462658347042,3.001067667114285
FR,hour,15,residual,350,11.672463407999494,20.645440006299864,-0.2471729973236624
FR,hour,16,nyx,350,11.349852989795735,15.908700130237527,-0.47492213096417735
FR,hour,16,storm,350,10.535572805714287,15.62366018081614,0.8342101885714285
FR,hour,16,chronos,350,12.78694988557143,16.849618877069457,1.5505523584285714
FR,hour,16,residual,350,11.342897139167345,16.005006215024835,-0.46884115503509993
FR,hour,17,nyx,350,11.75361231233319,16.249353261563193,-0.2712192169752581
FR,hour,17,storm,350,10.727933082857142,15.457661735551916,-4.423001877142858
FR,hour,17,chronos,350,12.931348819457144,17.437759062608855,0.5247098139257139
FR,hour,17,residual,350,11.782808099184237,16.42382897213913,-0.6663637094238344
FR,hour,18,nyx,350,13.175540231839399,17.62624155482629,-0.6536446366559087
FR,hour,18,storm,350,14.820800199999999,20.68505767942227,-9.078733342857143
FR,hour,18,chronos,350,13.879823379714285,18.417872962160253,-1.2061857728571432
FR,hour,18,residual,350,13.155736892348626,17.684475488980357,-1.1825800300195395
FR,hour,19,nyx,350,15.01834627790323,21.0581324925208,-1.272723402687995
FR,hour,19,storm,350,15.882362525714285,22.31793149643609,-8.56612288
FR,hour,19,chronos,350,15.721214324285715,21.737238906311674,-2.5125498842857152
FR,hour,19,residual,350,15.289028202001978,21.058673019433147,-1.5490791561666297
FR,hour,20,nyx,350,14.28195295754402,20.58794321135532,-0.44157661151595723
FR,hour,20,storm,350,14.185266585714286,19.75929317045443,-2.180691905714286
FR,hour,20,chronos,350,14.877794382857145,20.973198406999526,-1.1838720571428578
FR,hour,20,residual,350,14.565452621824743,20.704566642377323,-0.7406881511748417
FR,hour,21,nyx,350,13.208857907942905,17.98030457021025,-0.2196650489450558
FR,hour,21,storm,350,12.954371725714287,17.684120801679448,-0.8537304857142862
FR,hour,21,chronos,350,13.771912074285714,18.55402294612808,-0.28991675428571495
FR,hour,21,residual,350,13.319036781246242,18.14808285032151,-0.36585576129367225
FR,hour,22,nyx,350,12.345748060571566,16.632709370399773,-2.3623099300073505
FR,hour,22,storm,350,12.602016165714286,17.819031877982848,-5.4999484
FR,hour,22,chronos,350,12.654143262857142,17.182453927965827,-3.0683719828571427
FR,hour,22,residual,350,12.449770744005143,16.759548800540912,-2.344752920490663
FR,hour,23,nyx,350,12.367950255815007,16.293102666881133,0.5165022733197291
FR,hour,23,storm,350,11.925985545714287,16.640355481248466,2.4213935399999995
FR,hour,23,chronos,350,12.696381240857143,17.135838127749114,-0.22785651514285712
FR,hour,23,residual,350,12.48719752297232,16.50641188727038,0.35498723851848135
FR,season,DJF,nyx,2160,9.261833478996595,12.502222668293303,1.1877731518150227
FR,season,DJF,storm,2160,8.561860802777778,11.42760334510013,0.6525130546296296
FR,season,DJF,chronos,2160,9.782643443145371,13.233667283610096,1.1145940607620368
FR,season,DJF,residual,2160,9.469693773548947,12.789892649304212,1.4188687147982413
FR,season,JJA,nyx,2208,13.288745371153311,18.95867896979515,-0.9553100982127448
FR,season,JJA,storm,2208,12.274202027173912,18.09489848835115,-4.362645859601449
FR,season,JJA,chronos,2208,14.332494655840126,19.983297323004503,0.7665627414923003
FR,season,JJA,residual,2208,13.303873268948493,19.050905617359888,-1.1595982896803398
FR,season,MAM,nyx,2207,15.070884885311893,26.87168219167344,-0.956498002469193
FR,season,MAM,storm,2207,16.038833877208884,26.46506458870983,-5.6711018183053925
FR,season,MAM,chronos,2207,16.442074690845036,28.754562991045777,-0.3247729666746716
FR,season,MAM,residual,2207,15.232819518137882,27.2749845098751,-0.9853493847211386
FR,season,SON,nyx,1824,9.812076559785417,12.950289025675147,-0.33387542192176695
FR,season,SON,storm,1824,10.124465440789473,13.71820544022921,2.501345938596491
FR,season,SON,chronos,1824,10.303391537613487,13.560779145168217,-0.5255217291266449
FR,season,SON,residual,1824,10.03445528450518,13.126100296817443,-0.9113802997202886
FR,regime,negative,nyx,566,13.316453284159966,40.132521955054756,2.301694651403026
FR,regime,negative,storm,566,12.394299459363957,35.47853740230256,5.963867208480565
FR,regime,negative,chronos,566,16.292611939791524,43.807654473368736,7.60107899545583
FR,regime,negative,residual,566,13.046857890850257,40.69246518439628,3.5230357472787417
FR,regime,upper95_train,nyx,1247,13.928862843463447,19.65504306721933,-6.653687407729224
FR,regime,upper95_train,storm,1247,13.94725033680834,19.99946171744527,-10.18397221331195
FR,regime,upper95_train,chronos,1247,13.797405260625501,19.87794031562945,-7.9050693985565355
FR,regime,upper95_train,residual,1247,13.87246399122454,19.59193544460701,-6.877032284465226
FR,regime,upper99_train,nyx,427,16.290532677404638,24.80908968892647,-9.41802434877887
FR,regime,upper99_train,storm,427,16.598704028103047,23.31815962612735,-12.79599748946136
FR,regime,upper99_train,chronos,427,16.0807531381733,24.940493990815618,-10.99258231850117
FR,regime,upper99_train,residual,427,16.38505557344608,24.688618459466717,-10.16728242107685
NL,all,all,nyx,8399,10.970220973913817,22.38626103457852,-0.7364757943659032
NL,all,all,storm,8399,10.81205348339088,20.526753396391776,-1.490499125014883
NL,all,all,chronos,8399,12.08509460852006,24.071026151183197,-0.5829475804995832
NL,all,all,residual,8399,11.018661155563489,22.474518209887552,-0.9434153957781382
NL,split,test,nyx,1800,13.545241568487747,33.1176709086229,-2.318830691393468
NL,split,test,storm,1800,12.092669613888887,28.718359541927267,-2.4372471916666663
NL,split,test,chronos,1800,15.012700783044444,35.128578372985594,-1.0792028286222224
NL,split,test,residual,1800,13.585352603318036,33.31608374577601,-2.5060598608620768
NL,split,train,nyx,4320,9.502989126690544,15.4091895449729,-0.10208482564670592
NL,split,train,storm,4320,9.302668028935186,14.148868566879832,0.8838893340277777
NL,split,train,chronos,4320,10.384394319018519,16.593635654701558,-1.07175242005
NL,split,train,residual,4320,9.570931393027049,15.441055209145667,-0.12000575730747384
NL,split,validation,nyx,2279,11.71765603743794,23.033977963875543,-0.6892314636143959
NL,split,validation,storm,2279,12.661740244405442,22.846341159928905,-5.243553808249232
NL,split,validation,chronos,2279,12.996605857534005,25.273957454575296,0.735567712821413
NL,split,validation,residual,2279,11.735707214448636,23.08422228806838,-1.270036545862464
NL,hour,0,nyx,350,6.454509982929036,9.427883827912646,-0.525719336421615
NL,hour,0,storm,350,8.409627117142856,11.526670135515985,-2.34513278
NL,hour,0,chronos,350,6.602947972285713,9.496229797770097,0.01182159171428635
NL,hour,0,residual,350,6.48806152049078,9.433663466024088,-0.6242961517098942
NL,hour,1,nyx,350,6.224344996037428,9.024622216236237,-0.7007496938643158
NL,hour,1,storm,350,7.7710272457142855,10.892953242299285,-2.5608136342857137
NL,hour,1,chronos,350,6.713349562142856,9.62156562907693,0.27021532106857216
NL,hour,1,residual,350,6.25137221204613,9.032483036875671,-0.5580418117933947
NL,hour,2,nyx,349,6.4600751520054,9.38305833617421,-0.9746173497063342
NL,hour,2,storm,349,7.621489561604585,10.487794966815258,-2.4219017335243547
NL,hour,2,chronos,349,6.980011923782236,10.021286689931353,0.1095643048710606
NL,hour,2,residual,349,6.443258158818643,9.316310857681863,-0.6483172189124065
NL,hour,3,nyx,350,6.710807699211765,9.581624222811639,-0.8170780832947888
NL,hour,3,storm,350,7.585504754285713,10.284449134219209,-2.186549388571429
NL,hour,3,chronos,350,7.156254719742857,10.297008971737252,0.21571837802857066
NL,hour,3,residual,350,6.654462625898818,9.540228038839642,-0.49381191366661303
NL,hour,4,nyx,350,6.883424005714204,10.18282266226333,-0.3275951050357862
NL,hour,4,storm,350,7.611352788571428,10.635586257204336,-2.072436451428571
NL,hour,4,chronos,350,7.338718888571428,10.798126019800158,0.4003804668571435
NL,hour,4,residual,350,6.785737399520471,10.221411358139749,-0.15355458002685038
NL,hour,5,nyx,350,7.085869522749122,10.441732174000624,0.6646882738888279
NL,hour,5,storm,350,7.808966039999999,10.464741435202647,-1.7992122685714282
NL,hour,5,chronos,350,7.344630797714287,10.750130619048532,0.8864417462857148
NL,hour,5,residual,350,7.073585865054493,10.496956428894666,0.5631623554247646
NL,hour,6,nyx,350,8.839776968030453,12.694476974131566,0.6398878975867858
NL,hour,6,storm,350,8.937132131428571,12.23911222990407,-1.7797403028571428
NL,hour,6,chronos,350,9.202881315428572,13.450267661470583,-0.40819978399999884
NL,hour,6,residual,350,8.856009819796641,12.812909039152483,0.24422172126885017
NL,hour,7,nyx,350,10.563733017297174,16.785005998979333,0.9063729262761226
NL,hour,7,storm,350,10.299786471428572,15.070885754047653,-1.9165378257142862
NL,hour,7,chronos,350,10.850134367428572,17.37395515064785,-0.8490481674285709
NL,hour,7,residual,350,10.683357621392087,16.92518740756567,0.6221481271407371
NL,hour,8,nyx,350,11.13913573883237,16.226092701168252,-0.5880332042102787
NL,hour,8,storm,350,11.325608465714284,15.348137753408903,-3.8032282200000007
NL,hour,8,chronos,350,12.436765827714288,17.837297555231746,-1.9336364180000003
NL,hour,8,residual,350,11.358855936979944,16.377570362298027,-0.6431033355064666
NL,hour,9,nyx,350,11.241384006133243,15.660109521645538,-0.46490542896515535
NL,hour,9,storm,350,11.26880336,15.216529581039541,-4.32945084
NL,hour,9,chronos,350,12.972500327428573,17.600662887335215,-0.2208615988571426
NL,hour,9,residual,350,11.392176123109598,15.771949131392203,-0.4725469193402392
NL,hour,10,nyx,350,10.892005176190084,15.135614526608212,-0.08355213574348125
NL,hour,10,storm,350,10.521096205714286,14.822547891587018,-3.9888715542857147
NL,hour,10,chronos,350,13.454852394085714,17.840074173289477,1.0849457803714286
NL,hour,10,residual,350,10.933730236763642,15.294070466338253,-0.16717758292692703
NL,hour,11,nyx,350,11.979973665280964,17.19381758404751,-0.2925448799656239
NL,hour,11,storm,350,10.66090294857143,15.92289407701531,-3.0669262571428564
NL,hour,11,chronos,350,13.97293444685714,19.06706894583372,1.4928768977142863
NL,hour,11,residual,350,12.01475177157397,17.32820803618891,-0.6566558636279245
NL,hour,12,nyx,350,12.815513058260382,22.47817721684489,-0.500350675072794
NL,hour,12,storm,350,12.144052559999997,22.4055910461031,-2.944970531428571
NL,hour,12,chronos,350,14.712782390428574,24.92261959069433,1.7931247150000003
NL,hour,12,residual,350,12.784845013826994,22.47152590903066,-1.039589280304046
NL,hour,13,nyx,350,13.66524441682863,31.71123859310266,0.7868280931717204
NL,hour,13,storm,350,13.169479939999999,30.99699639463903,-0.9117913000000006
NL,hour,13,chronos,350,15.745472631999998,34.27110145958197,3.2614545079999995
NL,hour,13,residual,350,13.578012927264904,31.60028311112646,0.1311201887187208
NL,hour,14,nyx,350,13.638946803045009,31.544840642027363,1.09499469587947
NL,hour,14,storm,350,13.619197437142859,29.9789112039453,-1.3342059914285713
NL,hour,14,chronos,350,15.837506553142859,33.89813716186255,3.2840262237714284
NL,hour,14,residual,350,13.529130727434708,31.41145148529014,0.4698406075416902
NL,hour,15,nyx,350,11.806951619784943,19.37399812882753,0.204853897413683
NL,hour,15,storm,350,12.045807768571429,19.400537143575963,-1.6705929514285716
NL,hour,15,chronos,350,14.06726759502857,22.30589895548311,1.9701551386857146
NL,hour,15,residual,350,11.834142185237699,19.380753567367194,-0.22987381823017422
NL,hour,16,nyx,350,11.697567817491485,16.60986977480112,-1.0670728266967262
NL,hour,16,storm,350,10.664899717142855,15.529894278686921,-1.9841121114285716
NL,hour,16,chronos,350,13.89684177045714,19.2577294350207,-0.2630525009714285
NL,hour,16,residual,350,11.853512043146859,16.717982591443874,-1.3709963764543602
NL,hour,17,nyx,350,12.636777950456095,18.491036617817223,-1.5979010852490696
NL,hour,17,storm,350,12.50257968285714,21.591061292667973,0.6171960428571427
NL,hour,17,chronos,350,14.22796397857143,21.38749837215326,-2.0936976540000005
NL,hour,17,residual,350,12.643442582172279,18.528860904362112,-1.6130163642036255
NL,hour,18,nyx,350,13.544190959863522,22.53371947797779,-2.117011779018696
NL,hour,18,storm,350,12.657168554285716,18.76124114244159,-1.7153335714285725
NL,hour,18,chronos,350,14.843233914285715,24.700082555842506,-4.055702417142858
NL,hour,18,residual,350,13.62109788318952,22.599831781475977,-2.207478123324278
NL,hour,19,nyx,350,16.802753511991625,35.575639309508716,-3.6097717126469653
NL,hour,19,storm,350,14.658274965714286,23.57480675677361,-1.4186335371428562
NL,hour,19,chronos,350,17.87211715714286,36.9974567596002,-5.46817214
NL,hour,19,residual,350,16.901139025577628,35.78594527303237,-3.732136545447219
NL,hour,20,nyx,350,17.156787088917262,45.107676431334646,-3.5592116686394384
NL,hour,20,storm,350,15.485446185714286,37.189119054517064,2.9014242428571406
NL,hour,20,chronos,350,18.080103974285713,47.66304395440619,-5.646983191428573
NL,hour,20,residual,350,17.37812719968976,45.38818285068417,-3.689414157507756
NL,hour,21,nyx,350,14.850370646629822,43.06239476437808,-3.278549248433411
NL,hour,21,storm,350,13.45514967714286,39.856989012527904,3.0173538371428563
NL,hour,21,chronos,350,15.130054899714285,45.204907254516826,-4.754676523142858
NL,hour,21,residual,350,15.137719906025179,43.29436831035759,-3.5807809206554766
NL,hour,22,nyx,350,10.903925979117417,25.190050081024648,-2.3241353044506723
NL,hour,22,storm,350,10.471076837142858,25.148752505519813,0.2907903800000002
NL,hour,22,chronos,350,11.164164955142857,26.731334639899565,-3.343686313428572
NL,hour,22,residual,350,10.984386768378023,25.373043455416873,-2.907204956161591
NL,hour,23,nyx,350,9.278347460214444,13.82596169858741,0.8550742639730357
NL,hour,23,storm,350,8.785737288571427,12.130239169832732,1.6490365971428569
NL,hour,23,chronos,350,9.424192290571428,14.538826717737583,0.2682283094285711
NL,hour,23,residual,350,9.253879600144275,14.07633565027858,0.11637655867735183
NL,season,DJF,nyx,2160,7.814552479286057,12.141390212860587,0.9571039074342513
NL,season,DJF,storm,2160,8.500325599074074,12.67956725612331,1.844362678703704
NL,season,DJF,chronos,2160,8.216440474768518,12.760345031519591,0.05222199328703707
NL,season,DJF,residual,2160,7.809929504352835,12.059950801507789,1.3071682426937796
NL,season,JJA,nyx,2208,13.039842110111836,30.684843476983996,-1.6266231047213684
NL,season,JJA,storm,2208,12.223791105978261,27.086986075373694,-3.4613011784420293
NL,season,JJA,chronos,2208,14.62175646562953,32.80390085472149,-0.5003873187001814
NL,season,JJA,residual,2208,13.06507162795236,30.8743209917919,-1.8965177378757543
NL,season,MAM,nyx,2207,12.354277870503063,23.8894700866253,-1.8830223246339262
NL,season,MAM,storm,2207,12.753646517897598,23.019195703694397,-4.298082542365202
NL,season,MAM,chronos,2207,13.512272382279113,25.909961923414787,-0.449239147852288
NL,season,MAM,residual,2207,12.429070679213476,23.940541965404613,-2.5088036400408216
NL,season,SON,nyx,1824,10.527187480985244,17.399268973111248,-0.27718780221784384
NL,season,SON,storm,1824,9.491395441885965,14.848641035079996,0.3431445372807012
NL,season,SON,chronos,1824,11.868845815603068,18.981164715084955,-1.5968477166206139
NL,season,SON,residual,1824,10.634676629732825,17.499273834920317,-0.5607393171926469
NL,regime,negative,nyx,426,15.831571966445232,41.64800563142114,3.6303786131874594
NL,regime,negative,storm,426,14.832226335680751,40.15595012235834,3.0267390539906103
NL,regime,negative,chronos,426,19.988677996178406,46.077728263674146,8.397110226694835
NL,regime,negative,residual,426,15.46396960397868,41.59089684974972,2.8319648244255773
NL,regime,upper95_train,nyx,919,23.226153199574085,49.89174939928575,-11.850939503227481
NL,regime,upper95_train,storm,919,20.329055521218717,42.77513298226193,-6.343773852013059
NL,regime,upper95_train,chronos,919,25.21821736126224,53.21355425959781,-17.131818536452666
NL,regime,upper95_train,residual,919,23.573910719432757,50.21205731351383,-12.78674834088297
NL,regime,upper99_train,nyx,105,95.78606824027328,134.77451088107205,-74.47297084140541
NL,regime,upper99_train,storm,105,67.53522531428571,112.10384854572182,-18.40316923809524
NL,regime,upper99_train,chronos,105,106.79718228571429,144.8382527577098,-91.64214038095238
NL,regime,upper99_train,residual,105,96.72681951271674,135.6950034587763,-75.77273665593549
